phylum	location	residue	count	fraction
Acanthocephala	internal	A	13	0.12149532710280374
Acanthocephala	internal	C	14	0.1308411214953271
Acanthocephala	internal	D	6	0.056074766355140186
Acanthocephala	internal	E	3	0.028037383177570093
Acanthocephala	internal	F	1	0.009345794392523364
Acanthocephala	internal	G	4	0.037383177570093455
Acanthocephala	internal	H	6	0.056074766355140186
Acanthocephala	internal	K	2	0.018691588785046728
Acanthocephala	internal	L	1	0.009345794392523364
Acanthocephala	internal	N	1	0.009345794392523364
Acanthocephala	internal	P	6	0.056074766355140186
Acanthocephala	internal	Q	7	0.06542056074766354
Acanthocephala	internal	R	12	0.11214953271028037
Acanthocephala	internal	S	8	0.07476635514018691
Acanthocephala	internal	T	11	0.102803738317757
Acanthocephala	internal	W	11	0.102803738317757
Acanthocephala	internal	Y	1	0.009345794392523364
Acanthocephala	terminal	A	1	0.047619047619047616
Acanthocephala	terminal	C	4	0.19047619047619047
Acanthocephala	terminal	G	1	0.047619047619047616
Acanthocephala	terminal	K	2	0.09523809523809523
Acanthocephala	terminal	M	1	0.047619047619047616
Acanthocephala	terminal	N	1	0.047619047619047616
Acanthocephala	terminal	P	3	0.14285714285714285
Acanthocephala	terminal	Q	1	0.047619047619047616
Acanthocephala	terminal	R	1	0.047619047619047616
Acanthocephala	terminal	S	3	0.14285714285714285
Acanthocephala	terminal	T	3	0.14285714285714285
Amoebozoa	internal	A	327	0.022907180385288967
Amoebozoa	internal	C	250	0.017513134851138354
Amoebozoa	internal	D	610	0.04273204903677758
Amoebozoa	internal	E	803	0.056252189141856396
Amoebozoa	internal	F	62	0.004343257443082312
Amoebozoa	internal	G	624	0.04371278458844133
Amoebozoa	internal	H	502	0.035166374781085814
Amoebozoa	internal	I	43	0.003012259194395797
Amoebozoa	internal	K	208	0.014570928196147111
Amoebozoa	internal	L	59	0.004133099824868651
Amoebozoa	internal	M	52	0.0036427320490367778
Amoebozoa	internal	N	3431	0.24035026269702275
Amoebozoa	internal	P	387	0.02711033274956217
Amoebozoa	internal	Q	2772	0.19418563922942206
Amoebozoa	internal	R	101	0.007075306479859895
Amoebozoa	internal	S	1219	0.08539404553415061
Amoebozoa	internal	T	2665	0.18669001751313485
Amoebozoa	internal	V	21	0.0014711033274956216
Amoebozoa	internal	W	112	0.007845884413309983
Amoebozoa	internal	Y	27	0.0018914185639229422
Amoebozoa	terminal	A	39	0.013513513513513514
Amoebozoa	terminal	C	83	0.02875952875952876
Amoebozoa	terminal	D	98	0.03395703395703396
Amoebozoa	terminal	E	152	0.05266805266805267
Amoebozoa	terminal	F	37	0.01282051282051282
Amoebozoa	terminal	G	84	0.029106029106029108
Amoebozoa	terminal	H	82	0.028413028413028413
Amoebozoa	terminal	I	27	0.009355509355509356
Amoebozoa	terminal	K	76	0.026334026334026334
Amoebozoa	terminal	L	83	0.02875952875952876
Amoebozoa	terminal	M	33	0.011434511434511435
Amoebozoa	terminal	N	744	0.2577962577962578
Amoebozoa	terminal	P	65	0.02252252252252252
Amoebozoa	terminal	Q	471	0.1632016632016632
Amoebozoa	terminal	R	27	0.009355509355509356
Amoebozoa	terminal	S	221	0.07657657657657657
Amoebozoa	terminal	T	514	0.1781011781011781
Amoebozoa	terminal	V	22	0.007623007623007623
Amoebozoa	terminal	W	19	0.006583506583506584
Amoebozoa	terminal	Y	9	0.0031185031185031187
Annelida	internal	A	281	0.04911728718755462
Annelida	internal	C	348	0.06082852648138437
Annelida	internal	D	538	0.09403950358328964
Annelida	internal	E	441	0.07708442579968537
Annelida	internal	F	36	0.006292606187729418
Annelida	internal	G	253	0.044223037930431745
Annelida	internal	H	190	0.033210977101905265
Annelida	internal	I	47	0.008215346967313407
Annelida	internal	K	257	0.04492221639573501
Annelida	internal	L	88	0.01538192623667191
Annelida	internal	M	68	0.011886033910155568
Annelida	internal	N	580	0.10138087746897395
Annelida	internal	P	320	0.055934277224261496
Annelida	internal	Q	756	0.13214472994231777
Annelida	internal	R	230	0.04020276175493795
Annelida	internal	S	545	0.09526306589757036
Annelida	internal	T	529	0.09246635203635728
Annelida	internal	V	33	0.0057682223387519665
Annelida	internal	W	155	0.02709316553050166
Annelida	internal	Y	26	0.004544660024471246
Annelida	terminal	A	54	0.04745166959578207
Annelida	terminal	C	116	0.10193321616871705
Annelida	terminal	D	105	0.09226713532513181
Annelida	terminal	E	86	0.07557117750439367
Annelida	terminal	F	23	0.020210896309314587
Annelida	terminal	G	39	0.03427065026362039
Annelida	terminal	H	39	0.03427065026362039
Annelida	terminal	I	20	0.01757469244288225
Annelida	terminal	K	61	0.05360281195079086
Annelida	terminal	L	79	0.06942003514938488
Annelida	terminal	M	24	0.0210896309314587
Annelida	terminal	N	77	0.06766256590509666
Annelida	terminal	P	45	0.03954305799648506
Annelida	terminal	Q	110	0.09666080843585237
Annelida	terminal	R	66	0.05799648506151142
Annelida	terminal	S	82	0.07205623901581722
Annelida	terminal	T	59	0.05184534270650264
Annelida	terminal	V	14	0.012302284710017574
Annelida	terminal	W	25	0.021968365553602813
Annelida	terminal	Y	14	0.012302284710017574
Apicomplexa	internal	A	11345	0.2382402351952961
Apicomplexa	internal	C	1679	0.03525829483410332
Apicomplexa	internal	D	751	0.015770684586308273
Apicomplexa	internal	E	1903	0.03996220075598488
Apicomplexa	internal	F	195	0.0040949181016379675
Apicomplexa	internal	G	817	0.017156656866862664
Apicomplexa	internal	H	598	0.012557748845023099
Apicomplexa	internal	I	54	0.001133977320453591
Apicomplexa	internal	K	987	0.020726585468290634
Apicomplexa	internal	L	1179	0.024758504829903404
Apicomplexa	internal	M	142	0.002981940361192776
Apicomplexa	internal	N	625	0.013124737505249895
Apicomplexa	internal	P	863	0.018122637547249056
Apicomplexa	internal	Q	13027	0.27356152876942463
Apicomplexa	internal	R	642	0.013481730365392693
Apicomplexa	internal	S	11347	0.2382822343553129
Apicomplexa	internal	T	1036	0.021755564888702224
Apicomplexa	internal	V	114	0.0023939521209575807
Apicomplexa	internal	W	269	0.0056488870222595544
Apicomplexa	internal	Y	47	0.000986980260394792
Apicomplexa	terminal	A	1570	0.2348190248279988
Apicomplexa	terminal	C	419	0.06266826204008376
Apicomplexa	terminal	D	87	0.013012264433143883
Apicomplexa	terminal	E	201	0.030062817828297936
Apicomplexa	terminal	F	120	0.017947950942267425
Apicomplexa	terminal	G	108	0.01615315584804068
Apicomplexa	terminal	H	52	0.007777445408315884
Apicomplexa	terminal	I	19	0.0028417588991923423
Apicomplexa	terminal	K	248	0.03709243194735268
Apicomplexa	terminal	L	600	0.08973975471133712
Apicomplexa	terminal	M	28	0.004187855219862399
Apicomplexa	terminal	N	55	0.00822614418187257
Apicomplexa	terminal	P	145	0.02168710738857314
Apicomplexa	terminal	Q	1540	0.23033203709243194
Apicomplexa	terminal	R	141	0.021088842357164225
Apicomplexa	terminal	S	1217	0.18202213580616214
Apicomplexa	terminal	T	68	0.01017050553395154
Apicomplexa	terminal	V	20	0.002991325157044571
Apicomplexa	terminal	W	39	0.005833084056236913
Apicomplexa	terminal	Y	9	0.0013460963206700569
Archaea	internal	A	47	0.1246684350132626
Archaea	internal	C	53	0.14058355437665782
Archaea	internal	D	7	0.01856763925729443
Archaea	internal	E	27	0.07161803713527852
Archaea	internal	F	6	0.015915119363395226
Archaea	internal	G	49	0.129973474801061
Archaea	internal	H	12	0.03183023872679045
Archaea	internal	I	7	0.01856763925729443
Archaea	internal	K	4	0.010610079575596816
Archaea	internal	L	12	0.03183023872679045
Archaea	internal	M	6	0.015915119363395226
Archaea	internal	N	2	0.005305039787798408
Archaea	internal	P	16	0.042440318302387266
Archaea	internal	Q	8	0.021220159151193633
Archaea	internal	R	28	0.07427055702917772
Archaea	internal	S	10	0.026525198938992044
Archaea	internal	T	25	0.06631299734748011
Archaea	internal	V	8	0.021220159151193633
Archaea	internal	W	43	0.11405835543766578
Archaea	internal	Y	7	0.01856763925729443
Archaea	terminal	A	10	0.07633587786259542
Archaea	terminal	C	8	0.061068702290076333
Archaea	terminal	D	1	0.007633587786259542
Archaea	terminal	E	6	0.04580152671755725
Archaea	terminal	G	20	0.15267175572519084
Archaea	terminal	H	8	0.061068702290076333
Archaea	terminal	I	3	0.022900763358778626
Archaea	terminal	K	2	0.015267175572519083
Archaea	terminal	L	22	0.16793893129770993
Archaea	terminal	M	2	0.015267175572519083
Archaea	terminal	N	2	0.015267175572519083
Archaea	terminal	P	4	0.030534351145038167
Archaea	terminal	Q	6	0.04580152671755725
Archaea	terminal	R	21	0.16030534351145037
Archaea	terminal	S	4	0.030534351145038167
Archaea	terminal	T	4	0.030534351145038167
Archaea	terminal	V	5	0.03816793893129771
Archaea	terminal	W	3	0.022900763358778626
Bacillariophyta	internal	A	496	0.06891760455745449
Bacillariophyta	internal	C	316	0.043907183548700844
Bacillariophyta	internal	D	711	0.09879116298457691
Bacillariophyta	internal	E	374	0.0519660969848548
Bacillariophyta	internal	F	16	0.0022231485341114355
Bacillariophyta	internal	G	498	0.06919549812421842
Bacillariophyta	internal	H	177	0.024593580658607752
Bacillariophyta	internal	I	4	0.0005557871335278589
Bacillariophyta	internal	K	290	0.040294567180769764
Bacillariophyta	internal	L	86	0.011949423370848965
Bacillariophyta	internal	M	58	0.008058913436153952
Bacillariophyta	internal	N	716	0.09948589690148674
Bacillariophyta	internal	P	340	0.047241906349868
Bacillariophyta	internal	Q	1291	0.17938029734611644
Bacillariophyta	internal	R	278	0.03862720578018619
Bacillariophyta	internal	S	656	0.09114908989856885
Bacillariophyta	internal	T	713	0.09906905655134084
Bacillariophyta	internal	V	40	0.0055578713352785886
Bacillariophyta	internal	W	117	0.01625677365568987
Bacillariophyta	internal	Y	20	0.0027789356676392943
Bacillariophyta	terminal	A	105	0.0682261208576998
Bacillariophyta	terminal	C	73	0.04743339831059129
Bacillariophyta	terminal	D	129	0.08382066276803118
Bacillariophyta	terminal	E	57	0.037037037037037035
Bacillariophyta	terminal	F	2	0.001299545159194282
Bacillariophyta	terminal	G	96	0.06237816764132553
Bacillariophyta	terminal	H	31	0.02014294996751137
Bacillariophyta	terminal	I	1	0.000649772579597141
Bacillariophyta	terminal	K	140	0.09096816114359974
Bacillariophyta	terminal	L	67	0.043534762833008445
Bacillariophyta	terminal	M	39	0.025341130604288498
Bacillariophyta	terminal	N	116	0.07537361923326835
Bacillariophyta	terminal	P	87	0.056530214424951264
Bacillariophyta	terminal	Q	188	0.1221572449642625
Bacillariophyta	terminal	R	96	0.06237816764132553
Bacillariophyta	terminal	S	136	0.08836907082521117
Bacillariophyta	terminal	T	140	0.09096816114359974
Bacillariophyta	terminal	V	12	0.007797270955165692
Bacillariophyta	terminal	W	22	0.014294996751137101
Bacillariophyta	terminal	Y	2	0.001299545159194282
Bacteria	internal	A	182	0.08646080760095012
Bacteria	internal	C	323	0.1534441805225653
Bacteria	internal	D	29	0.013776722090261283
Bacteria	internal	E	33	0.015676959619952493
Bacteria	internal	F	24	0.01140142517814727
Bacteria	internal	G	168	0.07980997624703087
Bacteria	internal	H	104	0.0494061757719715
Bacteria	internal	I	9	0.004275534441805225
Bacteria	internal	K	30	0.014251781472684086
Bacteria	internal	L	102	0.048456057007125894
Bacteria	internal	M	56	0.02660332541567696
Bacteria	internal	N	32	0.015201900237529691
Bacteria	internal	P	214	0.1016627078384798
Bacteria	internal	Q	62	0.029453681710213776
Bacteria	internal	R	187	0.08883610451306413
Bacteria	internal	S	78	0.03705463182897862
Bacteria	internal	T	158	0.07505938242280286
Bacteria	internal	V	48	0.02280285035629454
Bacteria	internal	W	245	0.1163895486935867
Bacteria	internal	Y	21	0.009976247030878859
Bacteria	terminal	A	67	0.08364544319600499
Bacteria	terminal	C	53	0.066167290886392
Bacteria	terminal	D	19	0.02372034956304619
Bacteria	terminal	E	9	0.011235955056179775
Bacteria	terminal	F	6	0.00749063670411985
Bacteria	terminal	G	81	0.10112359550561797
Bacteria	terminal	H	30	0.03745318352059925
Bacteria	terminal	I	5	0.006242197253433208
Bacteria	terminal	K	18	0.02247191011235955
Bacteria	terminal	L	109	0.13607990012484394
Bacteria	terminal	M	6	0.00749063670411985
Bacteria	terminal	N	16	0.019975031210986267
Bacteria	terminal	P	66	0.08239700374531835
Bacteria	terminal	Q	25	0.031210986267166042
Bacteria	terminal	R	146	0.1822721598002497
Bacteria	terminal	S	32	0.039950062421972535
Bacteria	terminal	T	58	0.07240948813982521
Bacteria	terminal	V	8	0.009987515605493134
Bacteria	terminal	W	45	0.056179775280898875
Bacteria	terminal	Y	2	0.0024968789013732834
Brachiopoda	internal	A	54	0.054878048780487805
Brachiopoda	internal	C	100	0.1016260162601626
Brachiopoda	internal	D	59	0.059959349593495935
Brachiopoda	internal	E	120	0.12195121951219512
Brachiopoda	internal	F	12	0.012195121951219513
Brachiopoda	internal	G	58	0.05894308943089431
Brachiopoda	internal	H	40	0.04065040650406504
Brachiopoda	internal	I	4	0.0040650406504065045
Brachiopoda	internal	K	67	0.06808943089430894
Brachiopoda	internal	L	11	0.011178861788617886
Brachiopoda	internal	M	6	0.006097560975609756
Brachiopoda	internal	N	32	0.032520325203252036
Brachiopoda	internal	P	70	0.07113821138211382
Brachiopoda	internal	Q	93	0.09451219512195122
Brachiopoda	internal	R	60	0.06097560975609756
Brachiopoda	internal	S	39	0.039634146341463415
Brachiopoda	internal	T	93	0.09451219512195122
Brachiopoda	internal	V	13	0.013211382113821139
Brachiopoda	internal	W	41	0.041666666666666664
Brachiopoda	internal	Y	12	0.012195121951219513
Brachiopoda	terminal	A	10	0.03773584905660377
Brachiopoda	terminal	C	47	0.17735849056603772
Brachiopoda	terminal	D	25	0.09433962264150944
Brachiopoda	terminal	E	31	0.1169811320754717
Brachiopoda	terminal	F	1	0.0037735849056603774
Brachiopoda	terminal	G	16	0.06037735849056604
Brachiopoda	terminal	H	9	0.033962264150943396
Brachiopoda	terminal	I	2	0.007547169811320755
Brachiopoda	terminal	K	29	0.10943396226415095
Brachiopoda	terminal	L	8	0.03018867924528302
Brachiopoda	terminal	N	5	0.018867924528301886
Brachiopoda	terminal	P	16	0.06037735849056604
Brachiopoda	terminal	Q	12	0.045283018867924525
Brachiopoda	terminal	R	7	0.026415094339622643
Brachiopoda	terminal	S	13	0.04905660377358491
Brachiopoda	terminal	T	13	0.04905660377358491
Brachiopoda	terminal	V	11	0.04150943396226415
Brachiopoda	terminal	W	9	0.033962264150943396
Brachiopoda	terminal	Y	1	0.0037735849056603774
Chelicerata	internal	A	2168	0.09520463727384507
Chelicerata	internal	C	1298	0.056999824345687684
Chelicerata	internal	D	1325	0.05818549095380292
Chelicerata	internal	E	1074	0.047163182856139116
Chelicerata	internal	F	200	0.008782715615668365
Chelicerata	internal	G	1932	0.0848410328473564
Chelicerata	internal	H	1650	0.07245740382926401
Chelicerata	internal	I	97	0.0042596170735991565
Chelicerata	internal	K	636	0.0279290356578254
Chelicerata	internal	L	305	0.013393641313894256
Chelicerata	internal	M	241	0.01058317231688038
Chelicerata	internal	N	1001	0.04395749165642016
Chelicerata	internal	P	1649	0.07241349025118567
Chelicerata	internal	Q	3507	0.15400491832074478
Chelicerata	internal	R	994	0.04365009660987177
Chelicerata	internal	S	1619	0.07109608290883541
Chelicerata	internal	T	2171	0.09533637800808009
Chelicerata	internal	V	136	0.005972246618654488
Chelicerata	internal	W	641	0.02814860354821711
Chelicerata	internal	Y	128	0.005620937994027754
Chelicerata	terminal	A	330	0.06596042374575255
Chelicerata	terminal	C	470	0.09394363381970817
Chelicerata	terminal	D	251	0.0501698980611633
Chelicerata	terminal	E	216	0.043174095542674394
Chelicerata	terminal	F	64	0.012792324605236858
Chelicerata	terminal	G	302	0.06036378173096142
Chelicerata	terminal	H	264	0.05276833899660204
Chelicerata	terminal	I	37	0.007395562662402559
Chelicerata	terminal	K	176	0.03517889266440136
Chelicerata	terminal	L	270	0.053967619428342994
Chelicerata	terminal	M	118	0.023585848490905458
Chelicerata	terminal	N	265	0.052968219068558864
Chelicerata	terminal	P	321	0.06416150309814111
Chelicerata	terminal	Q	591	0.11812912252648411
Chelicerata	terminal	R	320	0.06396162302618429
Chelicerata	terminal	S	452	0.09034579252448531
Chelicerata	terminal	T	393	0.07855286827903259
Chelicerata	terminal	V	42	0.008394963022186688
Chelicerata	terminal	W	94	0.018788726763941634
Chelicerata	terminal	Y	27	0.005396761942834299
Chlorophyta	internal	A	948	0.09816713264989127
Chlorophyta	internal	C	245	0.025370197783990887
Chlorophyta	internal	D	373	0.038624831728280004
Chlorophyta	internal	E	720	0.07455731593662628
Chlorophyta	internal	F	13	0.0013461737599668635
Chlorophyta	internal	G	1698	0.1758310034172103
Chlorophyta	internal	H	354	0.03665734700217459
Chlorophyta	internal	I	50	0.005177591384487936
Chlorophyta	internal	K	103	0.010665838252045149
Chlorophyta	internal	L	106	0.010976493735114425
Chlorophyta	internal	M	37	0.0038314176245210726
Chlorophyta	internal	N	98	0.010148079113596355
Chlorophyta	internal	P	829	0.08584446515480998
Chlorophyta	internal	Q	2369	0.24531427979703843
Chlorophyta	internal	R	306	0.03168685927306617
Chlorophyta	internal	S	860	0.0890545718131925
Chlorophyta	internal	T	328	0.03396499948224086
Chlorophyta	internal	V	60	0.006213109661385523
Chlorophyta	internal	W	142	0.01470435953194574
Chlorophyta	internal	Y	18	0.001863932898415657
Chlorophyta	terminal	A	174	0.1278471711976488
Chlorophyta	terminal	C	55	0.04041146216017634
Chlorophyta	terminal	D	57	0.04188096987509184
Chlorophyta	terminal	E	68	0.04996326230712711
Chlorophyta	terminal	F	6	0.00440852314474651
Chlorophyta	terminal	G	237	0.17413666421748714
Chlorophyta	terminal	H	26	0.019103600293901544
Chlorophyta	terminal	I	6	0.00440852314474651
Chlorophyta	terminal	K	22	0.016164584864070537
Chlorophyta	terminal	L	70	0.05143277002204261
Chlorophyta	terminal	M	13	0.009551800146950772
Chlorophyta	terminal	N	8	0.005878030859662013
Chlorophyta	terminal	P	138	0.10139603232916973
Chlorophyta	terminal	Q	262	0.19250551065393093
Chlorophyta	terminal	R	64	0.0470242468772961
Chlorophyta	terminal	S	78	0.05731080088170463
Chlorophyta	terminal	T	41	0.030124908155767818
Chlorophyta	terminal	V	9	0.006612784717119765
Chlorophyta	terminal	W	25	0.018368846436443792
Chlorophyta	terminal	Y	2	0.0014695077149155032
Chordata	internal	A	35	0.046052631578947366
Chordata	internal	C	101	0.13289473684210526
Chordata	internal	D	60	0.07894736842105263
Chordata	internal	E	73	0.09605263157894736
Chordata	internal	F	5	0.006578947368421052
Chordata	internal	G	33	0.04342105263157895
Chordata	internal	H	18	0.02368421052631579
Chordata	internal	I	46	0.060526315789473685
Chordata	internal	K	40	0.05263157894736842
Chordata	internal	L	22	0.02894736842105263
Chordata	internal	M	13	0.017105263157894738
Chordata	internal	N	23	0.030263157894736843
Chordata	internal	P	69	0.09078947368421053
Chordata	internal	Q	29	0.038157894736842106
Chordata	internal	R	72	0.09473684210526316
Chordata	internal	S	34	0.04473684210526316
Chordata	internal	T	48	0.06315789473684211
Chordata	internal	V	9	0.011842105263157895
Chordata	internal	W	26	0.034210526315789476
Chordata	internal	Y	4	0.005263157894736842
Chordata	terminal	A	3	0.017857142857142856
Chordata	terminal	C	32	0.19047619047619047
Chordata	terminal	D	9	0.05357142857142857
Chordata	terminal	E	10	0.05952380952380952
Chordata	terminal	F	3	0.017857142857142856
Chordata	terminal	G	6	0.03571428571428571
Chordata	terminal	H	3	0.017857142857142856
Chordata	terminal	I	4	0.023809523809523808
Chordata	terminal	K	9	0.05357142857142857
Chordata	terminal	L	6	0.03571428571428571
Chordata	terminal	M	9	0.05357142857142857
Chordata	terminal	N	3	0.017857142857142856
Chordata	terminal	P	17	0.10119047619047619
Chordata	terminal	Q	12	0.07142857142857142
Chordata	terminal	R	19	0.1130952380952381
Chordata	terminal	S	9	0.05357142857142857
Chordata	terminal	T	2	0.011904761904761904
Chordata	terminal	V	2	0.011904761904761904
Chordata	terminal	W	6	0.03571428571428571
Chordata	terminal	Y	4	0.023809523809523808
Ciliophora	internal	A	40	0.018373909049150206
Ciliophora	internal	C	320	0.14699127239320164
Ciliophora	internal	D	175	0.08038585209003216
Ciliophora	internal	E	230	0.10564997703261368
Ciliophora	internal	F	32	0.014699127239320165
Ciliophora	internal	G	68	0.03123564538355535
Ciliophora	internal	H	85	0.03904455672944419
Ciliophora	internal	I	29	0.0133210840606339
Ciliophora	internal	K	124	0.05695911805236564
Ciliophora	internal	L	35	0.01607717041800643
Ciliophora	internal	M	46	0.021129995406522738
Ciliophora	internal	N	193	0.08865411116214975
Ciliophora	internal	P	83	0.03812586127698668
Ciliophora	internal	Q	299	0.1373449701423978
Ciliophora	internal	R	55	0.025264124942581533
Ciliophora	internal	S	161	0.07395498392282958
Ciliophora	internal	T	87	0.0399632521819017
Ciliophora	internal	V	13	0.0059715204409738175
Ciliophora	internal	W	72	0.03307303628847037
Ciliophora	internal	Y	30	0.013780431786862656
Ciliophora	terminal	A	6	0.0079155672823219
Ciliophora	terminal	C	182	0.24010554089709762
Ciliophora	terminal	D	37	0.048812664907651716
Ciliophora	terminal	E	54	0.0712401055408971
Ciliophora	terminal	F	11	0.014511873350923483
Ciliophora	terminal	G	18	0.023746701846965697
Ciliophora	terminal	H	25	0.032981530343007916
Ciliophora	terminal	I	7	0.009234828496042216
Ciliophora	terminal	K	85	0.11213720316622691
Ciliophora	terminal	L	21	0.027704485488126648
Ciliophora	terminal	M	6	0.0079155672823219
Ciliophora	terminal	N	57	0.07519788918205805
Ciliophora	terminal	P	19	0.025065963060686015
Ciliophora	terminal	Q	114	0.1503957783641161
Ciliophora	terminal	R	26	0.03430079155672823
Ciliophora	terminal	S	54	0.0712401055408971
Ciliophora	terminal	T	17	0.022427440633245383
Ciliophora	terminal	V	3	0.00395778364116095
Ciliophora	terminal	W	10	0.013192612137203167
Ciliophora	terminal	Y	6	0.0079155672823219
Cnidaria	internal	A	340	0.038570618264322176
Cnidaria	internal	C	948	0.10754395916052184
Cnidaria	internal	D	1142	0.1295519001701645
Cnidaria	internal	E	777	0.08814520703346568
Cnidaria	internal	F	103	0.011684628474191718
Cnidaria	internal	G	455	0.05161656267725468
Cnidaria	internal	H	276	0.031310266591038007
Cnidaria	internal	I	74	0.008394781622234827
Cnidaria	internal	K	524	0.05944412932501418
Cnidaria	internal	L	123	0.013953488372093023
Cnidaria	internal	M	125	0.014180374361883154
Cnidaria	internal	N	290	0.032898468519568916
Cnidaria	internal	P	758	0.08598979013045945
Cnidaria	internal	Q	434	0.049234259784458306
Cnidaria	internal	R	808	0.0916619398752127
Cnidaria	internal	S	444	0.05036868973340896
Cnidaria	internal	T	500	0.05672149744753262
Cnidaria	internal	V	126	0.014293817356778218
Cnidaria	internal	W	507	0.05751559841179807
Cnidaria	internal	Y	61	0.006920022688598979
Cnidaria	terminal	A	38	0.017527675276752766
Cnidaria	terminal	C	293	0.13514760147601476
Cnidaria	terminal	D	267	0.1231549815498155
Cnidaria	terminal	E	186	0.08579335793357934
Cnidaria	terminal	F	48	0.02214022140221402
Cnidaria	terminal	G	79	0.03643911439114391
Cnidaria	terminal	H	54	0.024907749077490774
Cnidaria	terminal	I	22	0.01014760147601476
Cnidaria	terminal	K	173	0.0797970479704797
Cnidaria	terminal	L	116	0.05350553505535055
Cnidaria	terminal	M	68	0.03136531365313653
Cnidaria	terminal	N	71	0.03274907749077491
Cnidaria	terminal	P	144	0.06642066420664207
Cnidaria	terminal	Q	77	0.03551660516605166
Cnidaria	terminal	R	184	0.08487084870848709
Cnidaria	terminal	S	152	0.07011070110701106
Cnidaria	terminal	T	76	0.03505535055350553
Cnidaria	terminal	V	35	0.01614391143911439
Cnidaria	terminal	W	69	0.031826568265682656
Cnidaria	terminal	Y	16	0.007380073800738007
Collembola	internal	A	177	0.07612903225806451
Collembola	internal	C	122	0.052473118279569894
Collembola	internal	D	156	0.06709677419354838
Collembola	internal	E	123	0.05290322580645161
Collembola	internal	F	9	0.003870967741935484
Collembola	internal	G	283	0.12172043010752688
Collembola	internal	H	212	0.09118279569892473
Collembola	internal	I	6	0.0025806451612903226
Collembola	internal	K	59	0.025376344086021504
Collembola	internal	L	20	0.008602150537634409
Collembola	internal	M	46	0.01978494623655914
Collembola	internal	N	121	0.05204301075268817
Collembola	internal	P	150	0.06451612903225806
Collembola	internal	Q	196	0.08430107526881721
Collembola	internal	R	88	0.0378494623655914
Collembola	internal	S	137	0.058924731182795696
Collembola	internal	T	306	0.13161290322580646
Collembola	internal	V	16	0.006881720430107527
Collembola	internal	W	81	0.03483870967741935
Collembola	internal	Y	17	0.007311827956989247
Collembola	terminal	A	24	0.04054054054054054
Collembola	terminal	C	76	0.12837837837837837
Collembola	terminal	D	37	0.0625
Collembola	terminal	E	32	0.05405405405405406
Collembola	terminal	F	2	0.0033783783783783786
Collembola	terminal	G	65	0.1097972972972973
Collembola	terminal	H	43	0.07263513513513513
Collembola	terminal	I	2	0.0033783783783783786
Collembola	terminal	K	17	0.028716216216216218
Collembola	terminal	L	17	0.028716216216216218
Collembola	terminal	M	8	0.013513513513513514
Collembola	terminal	N	33	0.05574324324324324
Collembola	terminal	P	48	0.08108108108108109
Collembola	terminal	Q	37	0.0625
Collembola	terminal	R	28	0.0472972972972973
Collembola	terminal	S	50	0.08445945945945946
Collembola	terminal	T	42	0.07094594594594594
Collembola	terminal	V	5	0.008445945945945946
Collembola	terminal	W	24	0.04054054054054054
Collembola	terminal	Y	2	0.0033783783783783786
Crustacea	internal	A	3191	0.09996553992669402
Crustacea	internal	C	1088	0.03408414523354532
Crustacea	internal	D	1283	0.040192976410513455
Crustacea	internal	E	2645	0.08286081263118324
Crustacea	internal	F	141	0.004417154851038501
Crustacea	internal	G	4514	0.1414116099119702
Crustacea	internal	H	1756	0.05501080793208233
Crustacea	internal	I	72	0.0022555684345728516
Crustacea	internal	K	818	0.025625763603897123
Crustacea	internal	L	620	0.01942295040882178
Crustacea	internal	M	213	0.006672723285611353
Crustacea	internal	N	1615	0.05059365308104383
Crustacea	internal	P	2139	0.06700917891043513
Crustacea	internal	Q	4065	0.12734563453525893
Crustacea	internal	R	1140	0.03571316688073682
Crustacea	internal	S	2300	0.07205288054885499
Crustacea	internal	T	3113	0.09752200745590676
Crustacea	internal	V	420	0.013157482535008301
Crustacea	internal	W	665	0.020832680680429812
Crustacea	internal	Y	123	0.0038532627423952886
Crustacea	terminal	A	497	0.0701779158429822
Crustacea	terminal	C	597	0.08429822084157018
Crustacea	terminal	D	280	0.03953685399604631
Crustacea	terminal	E	508	0.07173114939282689
Crustacea	terminal	F	68	0.009601807399039819
Crustacea	terminal	G	814	0.11493928268850608
Crustacea	terminal	H	289	0.04080768144591923
Crustacea	terminal	I	27	0.0038124823496187518
Crustacea	terminal	K	245	0.034594747246540526
Crustacea	terminal	L	777	0.10971476983902852
Crustacea	terminal	M	80	0.011296243998870376
Crustacea	terminal	N	212	0.029935046597006496
Crustacea	terminal	P	420	0.059305280994069474
Crustacea	terminal	Q	546	0.07709686529229032
Crustacea	terminal	R	269	0.03798362044620164
Crustacea	terminal	S	478	0.0674950578932505
Crustacea	terminal	T	379	0.053515955944648405
Crustacea	terminal	V	285	0.04024286924597571
Crustacea	terminal	W	262	0.03699519909630048
Crustacea	terminal	Y	49	0.006918949449308105
Cryptophyta	internal	A	119	0.08201240523776705
Cryptophyta	internal	C	70	0.048242591316333565
Cryptophyta	internal	D	127	0.08752584424534804
Cryptophyta	internal	E	290	0.19986216402481047
Cryptophyta	internal	F	6	0.004135079255685734
Cryptophyta	internal	G	203	0.13990351481736732
Cryptophyta	internal	H	22	0.015161957270847692
Cryptophyta	internal	I	13	0.00895933838731909
Cryptophyta	internal	K	26	0.01791867677463818
Cryptophyta	internal	L	59	0.04066161268090972
Cryptophyta	internal	M	29	0.019986216402481046
Cryptophyta	internal	N	12	0.008270158511371467
Cryptophyta	internal	P	85	0.0585802894555479
Cryptophyta	internal	Q	130	0.08959338387319091
Cryptophyta	internal	R	44	0.030323914541695383
Cryptophyta	internal	S	132	0.09097174362508614
Cryptophyta	internal	T	45	0.031013094417643005
Cryptophyta	internal	V	18	0.012405237767057202
Cryptophyta	internal	W	21	0.014472777394900068
Cryptophyta	terminal	A	21	0.059154929577464786
Cryptophyta	terminal	C	21	0.059154929577464786
Cryptophyta	terminal	D	17	0.04788732394366197
Cryptophyta	terminal	E	47	0.1323943661971831
Cryptophyta	terminal	F	3	0.008450704225352112
Cryptophyta	terminal	G	48	0.1352112676056338
Cryptophyta	terminal	H	2	0.005633802816901409
Cryptophyta	terminal	I	2	0.005633802816901409
Cryptophyta	terminal	K	9	0.02535211267605634
Cryptophyta	terminal	L	76	0.2140845070422535
Cryptophyta	terminal	M	8	0.022535211267605635
Cryptophyta	terminal	N	3	0.008450704225352112
Cryptophyta	terminal	P	20	0.056338028169014086
Cryptophyta	terminal	Q	18	0.05070422535211268
Cryptophyta	terminal	R	15	0.04225352112676056
Cryptophyta	terminal	S	21	0.059154929577464786
Cryptophyta	terminal	T	4	0.011267605633802818
Cryptophyta	terminal	V	7	0.01971830985915493
Cryptophyta	terminal	W	12	0.03380281690140845
Cryptophyta	terminal	Y	1	0.0028169014084507044
Ctenophora	internal	A	39	0.04566744730679157
Ctenophora	internal	C	63	0.07377049180327869
Ctenophora	internal	D	49	0.05737704918032787
Ctenophora	internal	E	126	0.14754098360655737
Ctenophora	internal	F	5	0.00585480093676815
Ctenophora	internal	G	74	0.08665105386416862
Ctenophora	internal	H	19	0.02224824355971897
Ctenophora	internal	I	6	0.00702576112412178
Ctenophora	internal	K	84	0.09836065573770492
Ctenophora	internal	L	10	0.0117096018735363
Ctenophora	internal	M	7	0.00819672131147541
Ctenophora	internal	N	46	0.053864168618266976
Ctenophora	internal	P	79	0.09250585480093677
Ctenophora	internal	Q	46	0.053864168618266976
Ctenophora	internal	R	37	0.04332552693208431
Ctenophora	internal	S	86	0.10070257611241218
Ctenophora	internal	T	32	0.03747072599531616
Ctenophora	internal	V	9	0.01053864168618267
Ctenophora	internal	W	36	0.04215456674473068
Ctenophora	internal	Y	1	0.00117096018735363
Ctenophora	terminal	A	6	0.027522935779816515
Ctenophora	terminal	C	26	0.11926605504587157
Ctenophora	terminal	D	6	0.027522935779816515
Ctenophora	terminal	E	25	0.11467889908256881
Ctenophora	terminal	F	1	0.0045871559633027525
Ctenophora	terminal	G	11	0.05045871559633028
Ctenophora	terminal	H	3	0.013761467889908258
Ctenophora	terminal	I	2	0.009174311926605505
Ctenophora	terminal	K	25	0.11467889908256881
Ctenophora	terminal	L	42	0.1926605504587156
Ctenophora	terminal	M	1	0.0045871559633027525
Ctenophora	terminal	N	11	0.05045871559633028
Ctenophora	terminal	P	8	0.03669724770642202
Ctenophora	terminal	Q	6	0.027522935779816515
Ctenophora	terminal	R	11	0.05045871559633028
Ctenophora	terminal	S	22	0.10091743119266056
Ctenophora	terminal	T	6	0.027522935779816515
Ctenophora	terminal	V	3	0.013761467889908258
Ctenophora	terminal	W	3	0.013761467889908258
Echinodermata	internal	A	379	0.07422640031335684
Echinodermata	internal	C	445	0.08715236976106541
Echinodermata	internal	D	450	0.0881316098707403
Echinodermata	internal	E	483	0.0945945945945946
Echinodermata	internal	F	36	0.007050528789659225
Echinodermata	internal	G	507	0.09929494712103408
Echinodermata	internal	H	258	0.05052878965922444
Echinodermata	internal	I	26	0.0050920485703094395
Echinodermata	internal	K	284	0.055620838229533884
Echinodermata	internal	L	84	0.01645123384253819
Echinodermata	internal	M	40	0.007833920877399139
Echinodermata	internal	N	140	0.027418723070896985
Echinodermata	internal	P	294	0.057579318448883664
Echinodermata	internal	Q	387	0.07579318448883667
Echinodermata	internal	R	307	0.060125342734038384
Echinodermata	internal	S	474	0.09283196239717979
Echinodermata	internal	T	236	0.046220133176654916
Echinodermata	internal	V	43	0.008421464943204074
Echinodermata	internal	W	208	0.040736388562475516
Echinodermata	internal	Y	25	0.004896200548374461
Echinodermata	terminal	A	44	0.035341365461847386
Echinodermata	terminal	C	154	0.12369477911646587
Echinodermata	terminal	D	92	0.07389558232931727
Echinodermata	terminal	E	96	0.07710843373493977
Echinodermata	terminal	F	13	0.010441767068273093
Echinodermata	terminal	G	88	0.07068273092369477
Echinodermata	terminal	H	40	0.0321285140562249
Echinodermata	terminal	I	17	0.013654618473895583
Echinodermata	terminal	K	121	0.09718875502008033
Echinodermata	terminal	L	64	0.05140562248995984
Echinodermata	terminal	M	44	0.035341365461847386
Echinodermata	terminal	N	30	0.024096385542168676
Echinodermata	terminal	P	73	0.058634538152610445
Echinodermata	terminal	Q	69	0.05542168674698795
Echinodermata	terminal	R	102	0.0819277108433735
Echinodermata	terminal	S	78	0.06265060240963856
Echinodermata	terminal	T	50	0.040160642570281124
Echinodermata	terminal	V	18	0.014457831325301205
Echinodermata	terminal	W	49	0.0393574297188755
Echinodermata	terminal	Y	3	0.0024096385542168677
Euglenozoa	internal	A	817	0.07190635451505016
Euglenozoa	internal	C	528	0.04647069177961626
Euglenozoa	internal	D	501	0.04409434958634043
Euglenozoa	internal	E	814	0.07164231649357508
Euglenozoa	internal	F	106	0.009329343425453265
Euglenozoa	internal	G	808	0.0711142404506249
Euglenozoa	internal	H	332	0.029220207709910226
Euglenozoa	internal	I	34	0.0029924309100510475
Euglenozoa	internal	K	156	0.013729977116704805
Euglenozoa	internal	L	191	0.016810420700580885
Euglenozoa	internal	M	98	0.008625242034853018
Euglenozoa	internal	N	1734	0.1526139764126034
Euglenozoa	internal	P	635	0.05588804787889456
Euglenozoa	internal	Q	2162	0.1902834008097166
Euglenozoa	internal	R	269	0.023675409258933286
Euglenozoa	internal	S	612	0.05386375638091885
Euglenozoa	internal	T	1077	0.09478964970955818
Euglenozoa	internal	V	33	0.0029044182362260164
Euglenozoa	internal	W	387	0.03406090477028692
Euglenozoa	internal	Y	68	0.005984861820102095
Euglenozoa	terminal	A	203	0.08757549611734254
Euglenozoa	terminal	C	184	0.07937877480586712
Euglenozoa	terminal	D	96	0.04141501294219154
Euglenozoa	terminal	E	147	0.06341673856773081
Euglenozoa	terminal	F	44	0.01898188093183779
Euglenozoa	terminal	G	140	0.060396893874029335
Euglenozoa	terminal	H	64	0.027610008628127698
Euglenozoa	terminal	I	5	0.0021570319240724763
Euglenozoa	terminal	K	92	0.03968938740293356
Euglenozoa	terminal	L	155	0.06686798964624677
Euglenozoa	terminal	M	137	0.05910267471958585
Euglenozoa	terminal	N	174	0.07506471095772217
Euglenozoa	terminal	P	174	0.07506471095772217
Euglenozoa	terminal	Q	357	0.1540120793787748
Euglenozoa	terminal	R	75	0.032355478861087146
Euglenozoa	terminal	S	97	0.04184641932700604
Euglenozoa	terminal	T	99	0.04270923209663503
Euglenozoa	terminal	V	22	0.009490940465918895
Euglenozoa	terminal	W	39	0.016824849007765316
Euglenozoa	terminal	Y	14	0.0060396893874029335
Fungi	internal	A	397	0.08028311425682508
Fungi	internal	C	194	0.03923154701718908
Fungi	internal	D	390	0.0788675429726997
Fungi	internal	E	509	0.10293225480283114
Fungi	internal	F	18	0.003640040444893832
Fungi	internal	G	296	0.05985844287158746
Fungi	internal	H	245	0.04954499494438827
Fungi	internal	I	13	0.0026289180990899897
Fungi	internal	K	200	0.04044489383215369
Fungi	internal	L	35	0.007077856420626896
Fungi	internal	M	32	0.006471183013144591
Fungi	internal	N	284	0.05743174924165824
Fungi	internal	P	251	0.050758341759352885
Fungi	internal	Q	896	0.18119312436804855
Fungi	internal	R	156	0.03154701718907988
Fungi	internal	S	388	0.07846309403437816
Fungi	internal	T	448	0.09059656218402427
Fungi	internal	V	30	0.006066734074823054
Fungi	internal	W	142	0.02871587462082912
Fungi	internal	Y	21	0.004246713852376138
Fungi	terminal	A	75	0.07183908045977011
Fungi	terminal	C	58	0.05555555555555555
Fungi	terminal	D	73	0.06992337164750957
Fungi	terminal	E	74	0.07088122605363985
Fungi	terminal	F	8	0.007662835249042145
Fungi	terminal	G	65	0.06226053639846743
Fungi	terminal	H	51	0.04885057471264368
Fungi	terminal	K	66	0.06321839080459771
Fungi	terminal	L	18	0.017241379310344827
Fungi	terminal	M	8	0.007662835249042145
Fungi	terminal	N	61	0.05842911877394636
Fungi	terminal	P	56	0.05363984674329502
Fungi	terminal	Q	167	0.15996168582375478
Fungi	terminal	R	45	0.04310344827586207
Fungi	terminal	S	86	0.08237547892720307
Fungi	terminal	T	104	0.09961685823754789
Fungi	terminal	V	7	0.006704980842911878
Fungi	terminal	W	18	0.017241379310344827
Fungi	terminal	Y	4	0.0038314176245210726
Haptophyta	internal	A	240	0.09791921664626684
Haptophyta	internal	C	138	0.056303549571603426
Haptophyta	internal	D	39	0.01591187270501836
Haptophyta	internal	E	100	0.04079967360261118
Haptophyta	internal	F	10	0.004079967360261118
Haptophyta	internal	G	875	0.3569971440228478
Haptophyta	internal	H	10	0.004079967360261118
Haptophyta	internal	I	1	0.0004079967360261118
Haptophyta	internal	K	95	0.03875968992248062
Haptophyta	internal	L	34	0.0138718890248878
Haptophyta	internal	M	4	0.0016319869441044472
Haptophyta	internal	N	6	0.0024479804161566705
Haptophyta	internal	P	579	0.23623011015911874
Haptophyta	internal	Q	88	0.03590371277029784
Haptophyta	internal	R	79	0.03223174214606283
Haptophyta	internal	S	47	0.019175846593227255
Haptophyta	internal	T	16	0.006527947776417789
Haptophyta	internal	V	7	0.0028559771521827824
Haptophyta	internal	W	81	0.033047735618115054
Haptophyta	internal	Y	2	0.0008159934720522236
Haptophyta	terminal	A	40	0.10810810810810811
Haptophyta	terminal	C	24	0.06486486486486487
Haptophyta	terminal	D	12	0.032432432432432434
Haptophyta	terminal	E	29	0.07837837837837838
Haptophyta	terminal	F	1	0.002702702702702703
Haptophyta	terminal	G	69	0.1864864864864865
Haptophyta	terminal	H	3	0.008108108108108109
Haptophyta	terminal	K	8	0.021621621621621623
Haptophyta	terminal	L	23	0.062162162162162166
Haptophyta	terminal	M	2	0.005405405405405406
Haptophyta	terminal	P	78	0.21081081081081082
Haptophyta	terminal	Q	18	0.04864864864864865
Haptophyta	terminal	R	23	0.062162162162162166
Haptophyta	terminal	S	17	0.04594594594594595
Haptophyta	terminal	T	6	0.016216216216216217
Haptophyta	terminal	V	1	0.002702702702702703
Haptophyta	terminal	W	16	0.043243243243243246
Hemichordata	internal	A	98	0.057545507927187316
Hemichordata	internal	C	175	0.10275983558426306
Hemichordata	internal	D	253	0.14856136230182032
Hemichordata	internal	E	113	0.06635349383440986
Hemichordata	internal	F	22	0.012918379330593071
Hemichordata	internal	G	79	0.04638872577803876
Hemichordata	internal	H	61	0.0358191426893717
Hemichordata	internal	I	8	0.004697592483852026
Hemichordata	internal	K	107	0.06283029947152084
Hemichordata	internal	L	25	0.014679976512037582
Hemichordata	internal	M	15	0.008807985907222548
Hemichordata	internal	N	44	0.025836758661186142
Hemichordata	internal	P	148	0.08690546095126248
Hemichordata	internal	Q	147	0.08631826189078097
Hemichordata	internal	R	112	0.06576629477392835
Hemichordata	internal	S	96	0.05637110980622431
Hemichordata	internal	T	103	0.060481503229594835
Hemichordata	internal	V	19	0.011156782149148562
Hemichordata	internal	W	74	0.04345273047563124
Hemichordata	internal	Y	4	0.002348796241926013
Hemichordata	terminal	A	7	0.018617021276595744
Hemichordata	terminal	C	56	0.14893617021276595
Hemichordata	terminal	D	45	0.1196808510638298
Hemichordata	terminal	E	18	0.047872340425531915
Hemichordata	terminal	F	1	0.0026595744680851063
Hemichordata	terminal	G	17	0.04521276595744681
Hemichordata	terminal	H	13	0.034574468085106384
Hemichordata	terminal	I	3	0.007978723404255319
Hemichordata	terminal	K	30	0.0797872340425532
Hemichordata	terminal	L	10	0.026595744680851064
Hemichordata	terminal	M	4	0.010638297872340425
Hemichordata	terminal	N	11	0.02925531914893617
Hemichordata	terminal	P	26	0.06914893617021277
Hemichordata	terminal	Q	31	0.08244680851063829
Hemichordata	terminal	R	37	0.09840425531914894
Hemichordata	terminal	S	29	0.07712765957446809
Hemichordata	terminal	T	18	0.047872340425531915
Hemichordata	terminal	V	7	0.018617021276595744
Hemichordata	terminal	W	10	0.026595744680851064
Hemichordata	terminal	Y	3	0.007978723404255319
Heterolobosea	internal	A	4	0.005997001499250375
Heterolobosea	internal	C	42	0.06296851574212893
Heterolobosea	internal	D	26	0.038980509745127435
Heterolobosea	internal	E	60	0.08995502248875563
Heterolobosea	internal	F	5	0.0074962518740629685
Heterolobosea	internal	G	33	0.049475262368815595
Heterolobosea	internal	H	44	0.06596701649175413
Heterolobosea	internal	I	4	0.005997001499250375
Heterolobosea	internal	K	50	0.07496251874062969
Heterolobosea	internal	L	4	0.005997001499250375
Heterolobosea	internal	M	21	0.031484257871064465
Heterolobosea	internal	N	82	0.12293853073463268
Heterolobosea	internal	P	22	0.03298350824587706
Heterolobosea	internal	Q	100	0.14992503748125938
Heterolobosea	internal	R	12	0.017991004497751123
Heterolobosea	internal	S	49	0.0734632683658171
Heterolobosea	internal	T	82	0.12293853073463268
Heterolobosea	internal	V	1	0.0014992503748125937
Heterolobosea	internal	W	22	0.03298350824587706
Heterolobosea	internal	Y	4	0.005997001499250375
Heterolobosea	terminal	A	3	0.01
Heterolobosea	terminal	C	21	0.07
Heterolobosea	terminal	D	18	0.06
Heterolobosea	terminal	E	21	0.07
Heterolobosea	terminal	G	11	0.03666666666666667
Heterolobosea	terminal	H	30	0.1
Heterolobosea	terminal	I	1	0.0033333333333333335
Heterolobosea	terminal	K	12	0.04
Heterolobosea	terminal	L	15	0.05
Heterolobosea	terminal	M	8	0.02666666666666667
Heterolobosea	terminal	N	37	0.12333333333333334
Heterolobosea	terminal	P	3	0.01
Heterolobosea	terminal	Q	38	0.12666666666666668
Heterolobosea	terminal	R	4	0.013333333333333334
Heterolobosea	terminal	S	30	0.1
Heterolobosea	terminal	T	42	0.14
Heterolobosea	terminal	V	2	0.006666666666666667
Heterolobosea	terminal	W	4	0.013333333333333334
Insecta	internal	A	31963	0.13837515368763745
Insecta	internal	C	7506	0.03249519455556133
Insecta	internal	D	10953	0.04741804769078913
Insecta	internal	E	7402	0.032044954716262314
Insecta	internal	F	1161	0.005026235129097616
Insecta	internal	G	28768	0.12454326631686495
Insecta	internal	H	15516	0.06717232064003324
Insecta	internal	I	474	0.0020520546521897243
Insecta	internal	K	3614	0.01564583441564064
Insecta	internal	L	2848	0.01232964483003446
Insecta	internal	M	1075	0.004653921415831126
Insecta	internal	N	15766	0.06825462794604048
Insecta	internal	P	12819	0.05549638942282716
Insecta	internal	Q	49704	0.21518000935113513
Insecta	internal	R	5969	0.025841169238228826
Insecta	internal	S	12687	0.05492493116525534
Insecta	internal	T	17365	0.07517706547526279
Insecta	internal	V	862	0.003731795591112958
Insecta	internal	W	3857	0.016697837117079676
Insecta	internal	Y	679	0.0029395466431156596
Insecta	terminal	A	4780	0.1018994222857021
Insecta	terminal	C	3238	0.06902726555671619
Insecta	terminal	D	2070	0.04412799249610949
Insecta	terminal	E	1528	0.032573706538190965
Insecta	terminal	F	363	0.007738387089897461
Insecta	terminal	G	5056	0.1077831546185167
Insecta	terminal	H	2530	0.053934213050800484
Insecta	terminal	I	201	0.004284892024984544
Insecta	terminal	K	1520	0.03240316357202243
Insecta	terminal	L	3175	0.06768423969813896
Insecta	terminal	M	500	0.010658935385533693
Insecta	terminal	N	2422	0.051631883007525206
Insecta	terminal	P	2648	0.05644972180178644
Insecta	terminal	Q	8428	0.17966701485855593
Insecta	terminal	R	1522	0.03244579931356456
Insecta	terminal	S	2592	0.055255921038606666
Insecta	terminal	T	3009	0.06414547315014177
Insecta	terminal	V	259	0.005521328529706453
Insecta	terminal	W	800	0.01705429661685391
Insecta	terminal	Y	268	0.0057131893666460595
Metamonada	internal	A	35	0.034722222222222224
Metamonada	internal	C	147	0.14583333333333334
Metamonada	internal	D	65	0.06448412698412699
Metamonada	internal	E	127	0.1259920634920635
Metamonada	internal	F	55	0.054563492063492064
Metamonada	internal	G	34	0.03373015873015873
Metamonada	internal	H	41	0.040674603174603176
Metamonada	internal	I	7	0.006944444444444444
Metamonada	internal	K	49	0.04861111111111111
Metamonada	internal	L	11	0.010912698412698412
Metamonada	internal	M	10	0.00992063492063492
Metamonada	internal	N	57	0.05654761904761905
Metamonada	internal	P	67	0.06646825396825397
Metamonada	internal	Q	80	0.07936507936507936
Metamonada	internal	R	44	0.04365079365079365
Metamonada	internal	S	93	0.09226190476190477
Metamonada	internal	T	54	0.05357142857142857
Metamonada	internal	V	12	0.011904761904761904
Metamonada	internal	W	17	0.016865079365079364
Metamonada	internal	Y	3	0.002976190476190476
Metamonada	terminal	A	6	0.022988505747126436
Metamonada	terminal	C	27	0.10344827586206896
Metamonada	terminal	D	17	0.06513409961685823
Metamonada	terminal	E	46	0.17624521072796934
Metamonada	terminal	F	5	0.019157088122605363
Metamonada	terminal	G	1	0.0038314176245210726
Metamonada	terminal	H	6	0.022988505747126436
Metamonada	terminal	I	3	0.011494252873563218
Metamonada	terminal	K	28	0.10727969348659004
Metamonada	terminal	L	7	0.02681992337164751
Metamonada	terminal	M	6	0.022988505747126436
Metamonada	terminal	N	8	0.03065134099616858
Metamonada	terminal	P	10	0.038314176245210725
Metamonada	terminal	Q	9	0.034482758620689655
Metamonada	terminal	R	13	0.04980842911877394
Metamonada	terminal	S	42	0.16091954022988506
Metamonada	terminal	T	11	0.0421455938697318
Metamonada	terminal	V	13	0.04980842911877394
Metamonada	terminal	W	1	0.0038314176245210726
Metamonada	terminal	Y	2	0.007662835249042145
Mollusca	internal	A	1081	0.05403919216156769
Mollusca	internal	C	1763	0.08813237352529495
Mollusca	internal	D	1921	0.09603079384123175
Mollusca	internal	E	1515	0.07573485302939412
Mollusca	internal	F	181	0.009048190361927614
Mollusca	internal	G	1327	0.0663367326534693
Mollusca	internal	H	733	0.03664267146570686
Mollusca	internal	I	161	0.008048390321935613
Mollusca	internal	K	960	0.04799040191961608
Mollusca	internal	L	312	0.015596880623875225
Mollusca	internal	M	161	0.008048390321935613
Mollusca	internal	N	885	0.04424115176964607
Mollusca	internal	P	1520	0.07598480303939212
Mollusca	internal	Q	1570	0.07848430313937213
Mollusca	internal	R	1347	0.0673365326934613
Mollusca	internal	S	1225	0.061237752449510095
Mollusca	internal	T	2163	0.10812837432513497
Mollusca	internal	V	266	0.01329734053189362
Mollusca	internal	W	772	0.038592281543691265
Mollusca	internal	Y	141	0.007048590281943611
Mollusca	terminal	A	128	0.027669693039342844
Mollusca	terminal	C	660	0.14267185473411154
Mollusca	terminal	D	429	0.0927367055771725
Mollusca	terminal	E	400	0.08646779074794639
Mollusca	terminal	F	55	0.011889321227842628
Mollusca	terminal	G	236	0.05101599654128837
Mollusca	terminal	H	129	0.027885862516212712
Mollusca	terminal	I	43	0.009295287505404237
Mollusca	terminal	K	352	0.07609165585819282
Mollusca	terminal	L	316	0.06830955469087764
Mollusca	terminal	M	117	0.02529182879377432
Mollusca	terminal	N	154	0.03329009943795936
Mollusca	terminal	P	321	0.06939040207522698
Mollusca	terminal	Q	211	0.04561175961954172
Mollusca	terminal	R	335	0.07241677475140511
Mollusca	terminal	S	255	0.05512321660181582
Mollusca	terminal	T	243	0.05252918287937743
Mollusca	terminal	V	78	0.016861219195849545
Mollusca	terminal	W	131	0.028318201469952443
Mollusca	terminal	Y	33	0.007133592736705577
Myriapoda	internal	A	164	0.09177392277560156
Myriapoda	internal	C	125	0.06994963626189143
Myriapoda	internal	D	145	0.08114157806379407
Myriapoda	internal	E	110	0.06155567991046446
Myriapoda	internal	F	20	0.01119194180190263
Myriapoda	internal	G	177	0.09904868494683827
Myriapoda	internal	H	123	0.06883044208170118
Myriapoda	internal	I	10	0.005595970900951315
Myriapoda	internal	K	62	0.03469501958589815
Myriapoda	internal	L	20	0.01119194180190263
Myriapoda	internal	M	12	0.006715165081141578
Myriapoda	internal	N	97	0.05428091773922775
Myriapoda	internal	P	171	0.09569110240626749
Myriapoda	internal	Q	166	0.09289311695579183
Myriapoda	internal	R	77	0.04308897593732513
Myriapoda	internal	S	89	0.049804141018466704
Myriapoda	internal	T	139	0.07778399552322328
Myriapoda	internal	V	7	0.00391717963066592
Myriapoda	internal	W	61	0.03413542249580302
Myriapoda	internal	Y	12	0.006715165081141578
Myriapoda	terminal	A	20	0.05361930294906166
Myriapoda	terminal	C	39	0.10455764075067024
Myriapoda	terminal	D	36	0.09651474530831099
Myriapoda	terminal	E	28	0.07506702412868632
Myriapoda	terminal	F	7	0.01876675603217158
Myriapoda	terminal	G	15	0.040214477211796246
Myriapoda	terminal	H	19	0.05093833780160858
Myriapoda	terminal	I	1	0.002680965147453083
Myriapoda	terminal	K	22	0.058981233243967826
Myriapoda	terminal	L	33	0.08847184986595175
Myriapoda	terminal	M	2	0.005361930294906166
Myriapoda	terminal	N	10	0.02680965147453083
Myriapoda	terminal	P	19	0.05093833780160858
Myriapoda	terminal	Q	32	0.08579088471849866
Myriapoda	terminal	R	27	0.07238605898123325
Myriapoda	terminal	S	21	0.05630026809651475
Myriapoda	terminal	T	21	0.05630026809651475
Myriapoda	terminal	W	20	0.05361930294906166
Myriapoda	terminal	Y	1	0.002680965147453083
Nematoda	internal	A	827	0.08361981799797776
Nematoda	internal	C	802	0.08109201213346814
Nematoda	internal	D	612	0.06188068756319515
Nematoda	internal	E	581	0.058746208291203236
Nematoda	internal	F	103	0.010414560161779576
Nematoda	internal	G	600	0.06066734074823053
Nematoda	internal	H	455	0.04600606673407482
Nematoda	internal	I	113	0.011425682507583418
Nematoda	internal	K	333	0.03367037411526795
Nematoda	internal	L	556	0.05621840242669363
Nematoda	internal	M	111	0.01122345803842265
Nematoda	internal	N	334	0.033771486349848334
Nematoda	internal	P	834	0.08432760364004044
Nematoda	internal	Q	829	0.08382204246713852
Nematoda	internal	R	432	0.04368048533872598
Nematoda	internal	S	766	0.07745197168857432
Nematoda	internal	T	1138	0.11506572295247725
Nematoda	internal	V	132	0.013346814964610718
Nematoda	internal	W	255	0.02578361981799798
Nematoda	internal	Y	77	0.007785642062689585
Nematoda	terminal	A	130	0.05662020905923345
Nematoda	terminal	C	258	0.11236933797909408
Nematoda	terminal	D	107	0.04660278745644599
Nematoda	terminal	E	118	0.05139372822299652
Nematoda	terminal	F	58	0.025261324041811847
Nematoda	terminal	G	104	0.04529616724738676
Nematoda	terminal	H	108	0.047038327526132406
Nematoda	terminal	I	18	0.0078397212543554
Nematoda	terminal	K	86	0.037456445993031356
Nematoda	terminal	L	316	0.13763066202090593
Nematoda	terminal	M	48	0.020905923344947737
Nematoda	terminal	N	85	0.03702090592334495
Nematoda	terminal	P	172	0.07491289198606271
Nematoda	terminal	Q	119	0.051829268292682924
Nematoda	terminal	R	116	0.050522648083623695
Nematoda	terminal	S	220	0.09581881533101046
Nematoda	terminal	T	139	0.06054006968641115
Nematoda	terminal	V	23	0.010017421602787456
Nematoda	terminal	W	54	0.023519163763066203
Nematoda	terminal	Y	17	0.007404181184668989
Nematomorpha	internal	A	7	0.046357615894039736
Nematomorpha	internal	C	14	0.09271523178807947
Nematomorpha	internal	D	6	0.039735099337748346
Nematomorpha	internal	E	8	0.052980132450331126
Nematomorpha	internal	G	11	0.0728476821192053
Nematomorpha	internal	H	13	0.08609271523178808
Nematomorpha	internal	I	4	0.026490066225165563
Nematomorpha	internal	K	7	0.046357615894039736
Nematomorpha	internal	L	1	0.006622516556291391
Nematomorpha	internal	M	3	0.019867549668874173
Nematomorpha	internal	N	4	0.026490066225165563
Nematomorpha	internal	P	22	0.1456953642384106
Nematomorpha	internal	Q	10	0.06622516556291391
Nematomorpha	internal	R	8	0.052980132450331126
Nematomorpha	internal	S	7	0.046357615894039736
Nematomorpha	internal	T	10	0.06622516556291391
Nematomorpha	internal	V	2	0.013245033112582781
Nematomorpha	internal	W	7	0.046357615894039736
Nematomorpha	internal	Y	7	0.046357615894039736
Nematomorpha	terminal	A	1	0.03333333333333333
Nematomorpha	terminal	C	5	0.16666666666666666
Nematomorpha	terminal	D	1	0.03333333333333333
Nematomorpha	terminal	E	4	0.13333333333333333
Nematomorpha	terminal	G	1	0.03333333333333333
Nematomorpha	terminal	H	1	0.03333333333333333
Nematomorpha	terminal	K	1	0.03333333333333333
Nematomorpha	terminal	L	2	0.06666666666666667
Nematomorpha	terminal	N	2	0.06666666666666667
Nematomorpha	terminal	P	3	0.1
Nematomorpha	terminal	R	3	0.1
Nematomorpha	terminal	S	4	0.13333333333333333
Nematomorpha	terminal	T	1	0.03333333333333333
Nematomorpha	terminal	Y	1	0.03333333333333333
Nemertea	internal	A	171	0.11991584852734923
Nemertea	internal	C	115	0.08064516129032258
Nemertea	internal	D	157	0.11009817671809256
Nemertea	internal	E	56	0.03927068723702665
Nemertea	internal	F	10	0.0070126227208976155
Nemertea	internal	G	105	0.07363253856942496
Nemertea	internal	H	58	0.04067321178120617
Nemertea	internal	I	6	0.004207573632538569
Nemertea	internal	K	82	0.05750350631136045
Nemertea	internal	L	14	0.009817671809256662
Nemertea	internal	M	16	0.011220196353436185
Nemertea	internal	N	34	0.023842917251051893
Nemertea	internal	P	112	0.0785413744740533
Nemertea	internal	Q	174	0.12201963534361851
Nemertea	internal	R	91	0.0638148667601683
Nemertea	internal	S	76	0.05329593267882188
Nemertea	internal	T	84	0.05890603085553997
Nemertea	internal	V	19	0.01332398316970547
Nemertea	internal	W	44	0.030855539971949508
Nemertea	internal	Y	2	0.001402524544179523
Nemertea	terminal	A	36	0.09863013698630137
Nemertea	terminal	C	44	0.12054794520547946
Nemertea	terminal	D	37	0.10136986301369863
Nemertea	terminal	E	11	0.030136986301369864
Nemertea	terminal	G	17	0.04657534246575343
Nemertea	terminal	H	17	0.04657534246575343
Nemertea	terminal	K	19	0.052054794520547946
Nemertea	terminal	L	14	0.038356164383561646
Nemertea	terminal	M	19	0.052054794520547946
Nemertea	terminal	N	10	0.0273972602739726
Nemertea	terminal	P	29	0.07945205479452055
Nemertea	terminal	Q	37	0.10136986301369863
Nemertea	terminal	R	19	0.052054794520547946
Nemertea	terminal	S	22	0.06027397260273973
Nemertea	terminal	T	24	0.06575342465753424
Nemertea	terminal	V	2	0.005479452054794521
Nemertea	terminal	W	6	0.01643835616438356
Nemertea	terminal	Y	2	0.005479452054794521
Oomycota	internal	A	1179	0.08458889367197589
Oomycota	internal	C	1107	0.07942315970727508
Oomycota	internal	D	1565	0.1122829674271775
Oomycota	internal	E	1045	0.07497488879322715
Oomycota	internal	F	93	0.00667240637107189
Oomycota	internal	G	764	0.0548141770698809
Oomycota	internal	H	614	0.04405223131008753
Oomycota	internal	I	10	0.0007174630506528914
Oomycota	internal	K	933	0.06693930262591477
Oomycota	internal	L	221	0.0158559334194289
Oomycota	internal	M	131	0.009398765963552876
Oomycota	internal	N	283	0.020304204333476825
Oomycota	internal	P	819	0.05876022384847181
Oomycota	internal	Q	1471	0.10553881475104032
Oomycota	internal	R	826	0.05926244798392883
Oomycota	internal	S	1323	0.09492036160137753
Oomycota	internal	T	870	0.06241928540680155
Oomycota	internal	V	158	0.011335916200315684
Oomycota	internal	W	492	0.03529918209212225
Oomycota	internal	Y	34	0.0024393743722198307
Oomycota	terminal	A	368	0.09064039408866995
Oomycota	terminal	C	300	0.07389162561576355
Oomycota	terminal	D	384	0.09458128078817735
Oomycota	terminal	E	157	0.038669950738916256
Oomycota	terminal	F	9	0.0022167487684729066
Oomycota	terminal	G	202	0.04975369458128079
Oomycota	terminal	H	75	0.01847290640394089
Oomycota	terminal	I	1	0.0002463054187192118
Oomycota	terminal	K	284	0.06995073891625615
Oomycota	terminal	L	291	0.07167487684729064
Oomycota	terminal	M	78	0.01921182266009852
Oomycota	terminal	N	61	0.015024630541871921
Oomycota	terminal	P	342	0.08423645320197044
Oomycota	terminal	Q	350	0.08620689655172414
Oomycota	terminal	R	290	0.07142857142857142
Oomycota	terminal	S	401	0.09876847290640393
Oomycota	terminal	T	296	0.0729064039408867
Oomycota	terminal	V	55	0.013546798029556651
Oomycota	terminal	W	112	0.027586206896551724
Oomycota	terminal	Y	4	0.0009852216748768472
Perkinsozoa	internal	A	89	0.10947109471094711
Perkinsozoa	internal	C	54	0.06642066420664207
Perkinsozoa	internal	D	79	0.0971709717097171
Perkinsozoa	internal	E	58	0.07134071340713408
Perkinsozoa	internal	G	37	0.04551045510455105
Perkinsozoa	internal	H	73	0.0897908979089791
Perkinsozoa	internal	I	5	0.006150061500615006
Perkinsozoa	internal	K	17	0.020910209102091022
Perkinsozoa	internal	L	6	0.007380073800738007
Perkinsozoa	internal	M	18	0.02214022140221402
Perkinsozoa	internal	N	23	0.028290282902829027
Perkinsozoa	internal	P	53	0.06519065190651907
Perkinsozoa	internal	Q	94	0.11562115621156212
Perkinsozoa	internal	R	21	0.025830258302583026
Perkinsozoa	internal	S	67	0.08241082410824108
Perkinsozoa	internal	T	69	0.08487084870848709
Perkinsozoa	internal	V	18	0.02214022140221402
Perkinsozoa	internal	W	26	0.03198031980319803
Perkinsozoa	internal	Y	6	0.007380073800738007
Perkinsozoa	terminal	A	17	0.07423580786026202
Perkinsozoa	terminal	C	10	0.043668122270742356
Perkinsozoa	terminal	D	15	0.06550218340611354
Perkinsozoa	terminal	E	10	0.043668122270742356
Perkinsozoa	terminal	F	1	0.004366812227074236
Perkinsozoa	terminal	G	11	0.048034934497816595
Perkinsozoa	terminal	H	20	0.08733624454148471
Perkinsozoa	terminal	I	3	0.013100436681222707
Perkinsozoa	terminal	K	7	0.03056768558951965
Perkinsozoa	terminal	L	9	0.039301310043668124
Perkinsozoa	terminal	M	4	0.017467248908296942
Perkinsozoa	terminal	N	14	0.0611353711790393
Perkinsozoa	terminal	P	13	0.056768558951965066
Perkinsozoa	terminal	Q	19	0.08296943231441048
Perkinsozoa	terminal	R	2	0.008733624454148471
Perkinsozoa	terminal	S	35	0.15283842794759825
Perkinsozoa	terminal	T	29	0.12663755458515283
Perkinsozoa	terminal	V	6	0.026200873362445413
Perkinsozoa	terminal	W	2	0.008733624454148471
Perkinsozoa	terminal	Y	2	0.008733624454148471
Placozoa	internal	A	26	0.057777777777777775
Placozoa	internal	C	76	0.1688888888888889
Placozoa	internal	D	27	0.06
Placozoa	internal	E	24	0.05333333333333334
Placozoa	internal	F	7	0.015555555555555555
Placozoa	internal	G	7	0.015555555555555555
Placozoa	internal	H	22	0.04888888888888889
Placozoa	internal	K	33	0.07333333333333333
Placozoa	internal	L	6	0.013333333333333334
Placozoa	internal	M	3	0.006666666666666667
Placozoa	internal	N	22	0.04888888888888889
Placozoa	internal	P	34	0.07555555555555556
Placozoa	internal	Q	31	0.06888888888888889
Placozoa	internal	R	38	0.08444444444444445
Placozoa	internal	S	16	0.035555555555555556
Placozoa	internal	T	34	0.07555555555555556
Placozoa	internal	V	7	0.015555555555555555
Placozoa	internal	W	35	0.07777777777777778
Placozoa	internal	Y	2	0.0044444444444444444
Placozoa	terminal	A	3	0.02586206896551724
Placozoa	terminal	C	16	0.13793103448275862
Placozoa	terminal	D	19	0.16379310344827586
Placozoa	terminal	E	5	0.04310344827586207
Placozoa	terminal	F	5	0.04310344827586207
Placozoa	terminal	G	4	0.034482758620689655
Placozoa	terminal	H	3	0.02586206896551724
Placozoa	terminal	I	3	0.02586206896551724
Placozoa	terminal	K	7	0.0603448275862069
Placozoa	terminal	L	4	0.034482758620689655
Placozoa	terminal	M	2	0.017241379310344827
Placozoa	terminal	N	4	0.034482758620689655
Placozoa	terminal	P	7	0.0603448275862069
Placozoa	terminal	Q	5	0.04310344827586207
Placozoa	terminal	R	7	0.0603448275862069
Placozoa	terminal	S	6	0.05172413793103448
Placozoa	terminal	T	11	0.09482758620689655
Placozoa	terminal	V	4	0.034482758620689655
Placozoa	terminal	W	1	0.008620689655172414
Platyhelminthes	internal	A	461	0.09961106309420917
Platyhelminthes	internal	C	282	0.060933448573898014
Platyhelminthes	internal	D	300	0.06482281763180639
Platyhelminthes	internal	E	231	0.04991356957649092
Platyhelminthes	internal	F	24	0.005185825410544511
Platyhelminthes	internal	G	250	0.054019014693171996
Platyhelminthes	internal	H	247	0.05337078651685393
Platyhelminthes	internal	I	70	0.01512532411408816
Platyhelminthes	internal	K	70	0.01512532411408816
Platyhelminthes	internal	L	99	0.02139152981849611
Platyhelminthes	internal	M	37	0.007994814174589455
Platyhelminthes	internal	N	402	0.08686257562662057
Platyhelminthes	internal	P	382	0.08254105445116681
Platyhelminthes	internal	Q	436	0.09420916162489196
Platyhelminthes	internal	R	250	0.054019014693171996
Platyhelminthes	internal	S	292	0.06309420916162489
Platyhelminthes	internal	T	613	0.13245462402765773
Platyhelminthes	internal	V	24	0.005185825410544511
Platyhelminthes	internal	W	114	0.024632670700086432
Platyhelminthes	internal	Y	44	0.00950734658599827
Platyhelminthes	terminal	A	40	0.05037783375314862
Platyhelminthes	terminal	C	93	0.11712846347607053
Platyhelminthes	terminal	D	40	0.05037783375314862
Platyhelminthes	terminal	E	65	0.0818639798488665
Platyhelminthes	terminal	F	4	0.005037783375314861
Platyhelminthes	terminal	G	29	0.036523929471032744
Platyhelminthes	terminal	H	44	0.055415617128463476
Platyhelminthes	terminal	I	18	0.022670025188916875
Platyhelminthes	terminal	K	42	0.05289672544080604
Platyhelminthes	terminal	L	30	0.037783375314861464
Platyhelminthes	terminal	M	17	0.021410579345088162
Platyhelminthes	terminal	N	73	0.09193954659949623
Platyhelminthes	terminal	P	44	0.055415617128463476
Platyhelminthes	terminal	Q	74	0.09319899244332494
Platyhelminthes	terminal	R	32	0.04030226700251889
Platyhelminthes	terminal	S	42	0.05289672544080604
Platyhelminthes	terminal	T	77	0.09697732997481108
Platyhelminthes	terminal	V	6	0.007556675062972292
Platyhelminthes	terminal	W	10	0.012594458438287154
Platyhelminthes	terminal	Y	14	0.017632241813602016
Porifera	internal	A	324	0.07809110629067245
Porifera	internal	C	209	0.050373583996143646
Porifera	internal	D	304	0.0732706676307544
Porifera	internal	E	385	0.09279344420342252
Porifera	internal	F	17	0.0040973728609303445
Porifera	internal	G	572	0.1378645456736563
Porifera	internal	H	113	0.027235478428536998
Porifera	internal	I	19	0.00457941672692215
Porifera	internal	K	180	0.04338394793926247
Porifera	internal	L	73	0.017594601108700893
Porifera	internal	M	20	0.004820438659918052
Porifera	internal	N	117	0.028199566160520606
Porifera	internal	P	267	0.064352856109906
Porifera	internal	Q	587	0.14147987466859485
Porifera	internal	R	184	0.04434803567124608
Porifera	internal	S	290	0.06989636056881177
Porifera	internal	T	322	0.07760906242468064
Porifera	internal	V	43	0.010363943118823812
Porifera	internal	W	102	0.024584237165582067
Porifera	internal	Y	21	0.005061460592913955
Porifera	terminal	A	56	0.06222222222222222
Porifera	terminal	C	122	0.13555555555555557
Porifera	terminal	D	75	0.08333333333333333
Porifera	terminal	E	64	0.07111111111111111
Porifera	terminal	F	4	0.0044444444444444444
Porifera	terminal	G	71	0.07888888888888888
Porifera	terminal	H	29	0.03222222222222222
Porifera	terminal	I	9	0.01
Porifera	terminal	K	51	0.056666666666666664
Porifera	terminal	L	102	0.11333333333333333
Porifera	terminal	M	12	0.013333333333333334
Porifera	terminal	N	25	0.027777777777777776
Porifera	terminal	P	58	0.06444444444444444
Porifera	terminal	Q	69	0.07666666666666666
Porifera	terminal	R	39	0.043333333333333335
Porifera	terminal	S	52	0.057777777777777775
Porifera	terminal	T	26	0.028888888888888888
Porifera	terminal	V	10	0.011111111111111112
Porifera	terminal	W	19	0.021111111111111112
Porifera	terminal	Y	7	0.0077777777777777776
Priapulida	internal	A	103	0.09423604757548033
Priapulida	internal	C	47	0.043000914913083256
Priapulida	internal	D	114	0.10430009149130832
Priapulida	internal	E	90	0.08234217749313816
Priapulida	internal	F	5	0.004574565416285453
Priapulida	internal	G	203	0.18572735590118938
Priapulida	internal	H	17	0.01555352241537054
Priapulida	internal	I	2	0.0018298261665141812
Priapulida	internal	K	31	0.028362305580969808
Priapulida	internal	L	15	0.013723696248856358
Priapulida	internal	M	3	0.0027447392497712718
Priapulida	internal	N	18	0.01646843549862763
Priapulida	internal	P	57	0.05215004574565416
Priapulida	internal	Q	194	0.17749313815187556
Priapulida	internal	R	37	0.03385178408051235
Priapulida	internal	S	69	0.06312900274473925
Priapulida	internal	T	47	0.043000914913083256
Priapulida	internal	V	3	0.0027447392497712718
Priapulida	internal	W	36	0.03293687099725526
Priapulida	internal	Y	2	0.0018298261665141812
Priapulida	terminal	A	16	0.0898876404494382
Priapulida	terminal	C	15	0.08426966292134831
Priapulida	terminal	D	17	0.09550561797752809
Priapulida	terminal	E	14	0.07865168539325842
Priapulida	terminal	G	25	0.1404494382022472
Priapulida	terminal	H	3	0.016853932584269662
Priapulida	terminal	I	1	0.0056179775280898875
Priapulida	terminal	K	6	0.033707865168539325
Priapulida	terminal	L	8	0.0449438202247191
Priapulida	terminal	M	4	0.02247191011235955
Priapulida	terminal	N	2	0.011235955056179775
Priapulida	terminal	P	8	0.0449438202247191
Priapulida	terminal	Q	28	0.15730337078651685
Priapulida	terminal	R	11	0.06179775280898876
Priapulida	terminal	S	9	0.05056179775280899
Priapulida	terminal	T	5	0.028089887640449437
Priapulida	terminal	V	3	0.016853932584269662
Priapulida	terminal	W	3	0.016853932584269662
Protist	internal	A	1539	0.09475434059844846
Protist	internal	C	581	0.03577145671715306
Protist	internal	D	1954	0.12030538111070065
Protist	internal	E	1219	0.07505233345647087
Protist	internal	F	61	0.0037556951114394777
Protist	internal	G	1416	0.08718138160325083
Protist	internal	H	427	0.026289865780076346
Protist	internal	I	205	0.012621598325329393
Protist	internal	K	435	0.026782415958625783
Protist	internal	L	432	0.026597709641669746
Protist	internal	M	174	0.010712966383450314
Protist	internal	N	401	0.024689077699790667
Protist	internal	P	833	0.05128678734146041
Protist	internal	Q	2921	0.17984238394286417
Protist	internal	R	530	0.03263144932890038
Protist	internal	S	1350	0.08311784263021796
Protist	internal	T	1093	0.0672946681443172
Protist	internal	V	355	0.02185691417313139
Protist	internal	W	291	0.01791651274473587
Protist	internal	Y	25	0.0015392193079669992
Protist	terminal	A	317	0.09161849710982659
Protist	terminal	C	187	0.054046242774566475
Protist	terminal	D	336	0.09710982658959537
Protist	terminal	E	217	0.06271676300578034
Protist	terminal	F	18	0.005202312138728324
Protist	terminal	G	302	0.08728323699421965
Protist	terminal	H	81	0.023410404624277455
Protist	terminal	I	22	0.006358381502890174
Protist	terminal	K	117	0.0338150289017341
Protist	terminal	L	187	0.054046242774566475
Protist	terminal	M	108	0.03121387283236994
Protist	terminal	N	50	0.014450867052023121
Protist	terminal	P	199	0.05751445086705202
Protist	terminal	Q	491	0.14190751445086705
Protist	terminal	R	159	0.045953757225433524
Protist	terminal	S	311	0.08988439306358381
Protist	terminal	T	182	0.05260115606936416
Protist	terminal	V	86	0.02485549132947977
Protist	terminal	W	84	0.024277456647398842
Protist	terminal	Y	6	0.0017341040462427746
Rhizaria	internal	A	454	0.04357423937038103
Rhizaria	internal	C	256	0.024570496208849216
Rhizaria	internal	D	749	0.07188789711104712
Rhizaria	internal	E	1045	0.10029753335252903
Rhizaria	internal	F	410	0.039351185334485075
Rhizaria	internal	G	753	0.0722718111143104
Rhizaria	internal	H	200	0.01919570016316345
Rhizaria	internal	I	113	0.01084557059218735
Rhizaria	internal	K	822	0.07889432767060178
Rhizaria	internal	L	113	0.01084557059218735
Rhizaria	internal	M	88	0.008446108071791919
Rhizaria	internal	N	1909	0.18322295805739514
Rhizaria	internal	P	266	0.02553028121700739
Rhizaria	internal	Q	988	0.09482675880602745
Rhizaria	internal	R	170	0.016316345138688935
Rhizaria	internal	S	1142	0.10960744793166331
Rhizaria	internal	T	709	0.06804875707841443
Rhizaria	internal	V	64	0.006142624052212304
Rhizaria	internal	W	82	0.007870237066897014
Rhizaria	internal	Y	86	0.008254151070160283
Rhizaria	terminal	A	51	0.02135678391959799
Rhizaria	terminal	C	99	0.0414572864321608
Rhizaria	terminal	D	105	0.04396984924623116
Rhizaria	terminal	E	122	0.05108877721943048
Rhizaria	terminal	F	304	0.1273031825795645
Rhizaria	terminal	G	59	0.024706867671691793
Rhizaria	terminal	H	28	0.011725293132328308
Rhizaria	terminal	I	56	0.023450586264656615
Rhizaria	terminal	K	644	0.2696817420435511
Rhizaria	terminal	L	125	0.052345058626465664
Rhizaria	terminal	M	39	0.016331658291457288
Rhizaria	terminal	N	294	0.12311557788944724
Rhizaria	terminal	P	36	0.01507537688442211
Rhizaria	terminal	Q	118	0.049413735343383586
Rhizaria	terminal	R	45	0.018844221105527637
Rhizaria	terminal	S	100	0.04187604690117253
Rhizaria	terminal	T	95	0.039782244556113906
Rhizaria	terminal	V	21	0.008793969849246231
Rhizaria	terminal	W	20	0.008375209380234505
Rhizaria	terminal	Y	27	0.011306532663316583
Rhodophyta	internal	A	72	0.10603829160530191
Rhodophyta	internal	C	40	0.05891016200294551
Rhodophyta	internal	D	64	0.09425625920471281
Rhodophyta	internal	E	37	0.054491899852724596
Rhodophyta	internal	F	2	0.0029455081001472753
Rhodophyta	internal	G	37	0.054491899852724596
Rhodophyta	internal	H	14	0.020618556701030927
Rhodophyta	internal	I	1	0.0014727540500736377
Rhodophyta	internal	K	24	0.035346097201767304
Rhodophyta	internal	L	22	0.03240058910162003
Rhodophyta	internal	M	4	0.005891016200294551
Rhodophyta	internal	N	27	0.039764359351988215
Rhodophyta	internal	P	41	0.060382916053019146
Rhodophyta	internal	Q	119	0.17525773195876287
Rhodophyta	internal	R	27	0.039764359351988215
Rhodophyta	internal	S	67	0.09867452135493372
Rhodophyta	internal	T	49	0.07216494845360824
Rhodophyta	internal	V	7	0.010309278350515464
Rhodophyta	internal	W	23	0.033873343151693665
Rhodophyta	internal	Y	2	0.0029455081001472753
Rhodophyta	terminal	A	6	0.04838709677419355
Rhodophyta	terminal	C	19	0.1532258064516129
Rhodophyta	terminal	D	10	0.08064516129032258
Rhodophyta	terminal	E	6	0.04838709677419355
Rhodophyta	terminal	F	1	0.008064516129032258
Rhodophyta	terminal	G	5	0.04032258064516129
Rhodophyta	terminal	H	4	0.03225806451612903
Rhodophyta	terminal	K	5	0.04032258064516129
Rhodophyta	terminal	L	8	0.06451612903225806
Rhodophyta	terminal	M	2	0.016129032258064516
Rhodophyta	terminal	N	6	0.04838709677419355
Rhodophyta	terminal	P	12	0.0967741935483871
Rhodophyta	terminal	Q	15	0.12096774193548387
Rhodophyta	terminal	R	7	0.056451612903225805
Rhodophyta	terminal	S	5	0.04032258064516129
Rhodophyta	terminal	T	7	0.056451612903225805
Rhodophyta	terminal	W	6	0.04838709677419355
Rotifera	internal	A	391	0.05087833441769681
Rotifera	internal	C	399	0.05191932335718933
Rotifera	internal	D	949	0.12348731294729993
Rotifera	internal	E	279	0.036304489264801565
Rotifera	internal	F	83	0.010800260247234874
Rotifera	internal	G	204	0.026545217957059206
Rotifera	internal	H	506	0.06584255042290175
Rotifera	internal	I	52	0.006766428106701366
Rotifera	internal	K	206	0.026805465191932335
Rotifera	internal	L	84	0.010930383864671439
Rotifera	internal	M	35	0.004554326610279766
Rotifera	internal	N	762	0.09915419648666234
Rotifera	internal	P	467	0.060767729342875734
Rotifera	internal	Q	1251	0.1627846454131425
Rotifera	internal	R	223	0.029017566688353938
Rotifera	internal	S	628	0.08171763175016265
Rotifera	internal	T	908	0.11815224463240077
Rotifera	internal	V	43	0.005595315549772283
Rotifera	internal	W	177	0.02303188028627196
Rotifera	internal	Y	38	0.00494469746258946
Rotifera	terminal	A	49	0.031818181818181815
Rotifera	terminal	C	119	0.07727272727272727
Rotifera	terminal	D	149	0.09675324675324676
Rotifera	terminal	E	44	0.02857142857142857
Rotifera	terminal	F	38	0.024675324675324677
Rotifera	terminal	G	48	0.03116883116883117
Rotifera	terminal	H	74	0.048051948051948054
Rotifera	terminal	I	12	0.007792207792207792
Rotifera	terminal	K	72	0.046753246753246755
Rotifera	terminal	L	23	0.014935064935064935
Rotifera	terminal	M	26	0.016883116883116882
Rotifera	terminal	N	141	0.09155844155844156
Rotifera	terminal	P	83	0.05389610389610389
Rotifera	terminal	Q	229	0.1487012987012987
Rotifera	terminal	R	52	0.033766233766233764
Rotifera	terminal	S	142	0.09220779220779221
Rotifera	terminal	T	184	0.11948051948051948
Rotifera	terminal	V	5	0.003246753246753247
Rotifera	terminal	W	33	0.02142857142857143
Rotifera	terminal	Y	17	0.01103896103896104
Tardigrada	internal	A	142	0.09779614325068871
Tardigrada	internal	C	89	0.06129476584022039
Tardigrada	internal	D	72	0.049586776859504134
Tardigrada	internal	E	71	0.048898071625344354
Tardigrada	internal	F	7	0.0048209366391184574
Tardigrada	internal	G	191	0.1315426997245179
Tardigrada	internal	H	90	0.06198347107438017
Tardigrada	internal	I	5	0.003443526170798898
Tardigrada	internal	K	36	0.024793388429752067
Tardigrada	internal	L	18	0.012396694214876033
Tardigrada	internal	M	15	0.010330578512396695
Tardigrada	internal	N	48	0.03305785123966942
Tardigrada	internal	P	74	0.05096418732782369
Tardigrada	internal	Q	122	0.08402203856749312
Tardigrada	internal	R	67	0.046143250688705235
Tardigrada	internal	S	90	0.06198347107438017
Tardigrada	internal	T	223	0.15358126721763085
Tardigrada	internal	V	15	0.010330578512396695
Tardigrada	internal	W	70	0.048209366391184574
Tardigrada	internal	Y	7	0.0048209366391184574
Tardigrada	terminal	A	28	0.08
Tardigrada	terminal	C	42	0.12
Tardigrada	terminal	D	19	0.054285714285714284
Tardigrada	terminal	E	14	0.04
Tardigrada	terminal	F	2	0.005714285714285714
Tardigrada	terminal	G	37	0.10571428571428572
Tardigrada	terminal	H	26	0.07428571428571429
Tardigrada	terminal	I	1	0.002857142857142857
Tardigrada	terminal	K	11	0.03142857142857143
Tardigrada	terminal	L	17	0.04857142857142857
Tardigrada	terminal	M	5	0.014285714285714285
Tardigrada	terminal	N	8	0.022857142857142857
Tardigrada	terminal	P	19	0.054285714285714284
Tardigrada	terminal	Q	22	0.06285714285714286
Tardigrada	terminal	R	22	0.06285714285714286
Tardigrada	terminal	S	29	0.08285714285714285
Tardigrada	terminal	T	35	0.1
Tardigrada	terminal	V	1	0.002857142857142857
Tardigrada	terminal	W	11	0.03142857142857143
Tardigrada	terminal	Y	1	0.002857142857142857
Viridiplantae	internal	A	27127	0.10191606867791261
Viridiplantae	internal	C	18572	0.06977495585528046
Viridiplantae	internal	D	15400	0.05785776007814555
Viridiplantae	internal	E	19560	0.07348686929406019
Viridiplantae	internal	F	2236	0.00840064620355412
Viridiplantae	internal	G	40218	0.151098921741744
Viridiplantae	internal	H	12613	0.04738700830296427
Viridiplantae	internal	I	369	0.00138633204343089
Viridiplantae	internal	K	10468	0.03932824886350828
Viridiplantae	internal	L	7385	0.02774542585565616
Viridiplantae	internal	M	2040	0.007664274711650449
Viridiplantae	internal	N	10063	0.03780666491340121
Viridiplantae	internal	P	21059	0.0791186084081602
Viridiplantae	internal	Q	18749	0.07043994439643837
Viridiplantae	internal	R	12649	0.047522260209640454
Viridiplantae	internal	S	24763	0.0930345268061765
Viridiplantae	internal	T	12713	0.04776270804373145
Viridiplantae	internal	V	2077	0.007803283615734305
Viridiplantae	internal	W	7510	0.028215050531615132
Viridiplantae	internal	Y	599	0.0022504414471954015
Viridiplantae	terminal	A	9699	0.11490208622099016
Viridiplantae	terminal	C	5041	0.05971970477781332
Viridiplantae	terminal	D	2782	0.03295778986151094
Viridiplantae	terminal	E	3699	0.04382130291075808
Viridiplantae	terminal	F	1439	0.017047541197237327
Viridiplantae	terminal	G	10366	0.1228038999656443
Viridiplantae	terminal	H	3913	0.046356517515489686
Viridiplantae	terminal	I	143	0.001694092002227198
Viridiplantae	terminal	K	2272	0.026915923280141214
Viridiplantae	terminal	L	9975	0.11817180225326084
Viridiplantae	terminal	M	1890	0.022390446742723103
Viridiplantae	terminal	N	2067	0.02448732985037495
Viridiplantae	terminal	P	7059	0.08362654156448804
Viridiplantae	terminal	Q	4703	0.055715487318003576
Viridiplantae	terminal	R	4177	0.049484071981139896
Viridiplantae	terminal	S	8756	0.10373055644406534
Viridiplantae	terminal	T	3607	0.04273139756666785
Viridiplantae	terminal	V	743	0.008802170333250406
Viridiplantae	terminal	W	1909	0.02261553588987217
Viridiplantae	terminal	Y	171	0.002025802324341614
Xenacoelomorpha	internal	A	87	0.05225225225225225
Xenacoelomorpha	internal	C	144	0.08648648648648649
Xenacoelomorpha	internal	D	115	0.06906906906906907
Xenacoelomorpha	internal	E	86	0.05165165165165165
Xenacoelomorpha	internal	F	16	0.00960960960960961
Xenacoelomorpha	internal	G	280	0.16816816816816818
Xenacoelomorpha	internal	H	81	0.04864864864864865
Xenacoelomorpha	internal	I	5	0.003003003003003003
Xenacoelomorpha	internal	K	45	0.02702702702702703
Xenacoelomorpha	internal	L	22	0.013213213213213212
Xenacoelomorpha	internal	M	11	0.006606606606606606
Xenacoelomorpha	internal	N	158	0.0948948948948949
Xenacoelomorpha	internal	P	109	0.06546546546546547
Xenacoelomorpha	internal	Q	182	0.10930930930930931
Xenacoelomorpha	internal	R	81	0.04864864864864865
Xenacoelomorpha	internal	S	88	0.05285285285285285
Xenacoelomorpha	internal	T	91	0.054654654654654654
Xenacoelomorpha	internal	V	6	0.0036036036036036037
Xenacoelomorpha	internal	W	46	0.02762762762762763
Xenacoelomorpha	internal	Y	12	0.007207207207207207
Xenacoelomorpha	terminal	A	13	0.03044496487119438
Xenacoelomorpha	terminal	C	64	0.14988290398126464
Xenacoelomorpha	terminal	D	27	0.06323185011709602
Xenacoelomorpha	terminal	E	31	0.07259953161592506
Xenacoelomorpha	terminal	F	7	0.01639344262295082
Xenacoelomorpha	terminal	G	57	0.13348946135831383
Xenacoelomorpha	terminal	H	16	0.03747072599531616
Xenacoelomorpha	terminal	I	3	0.00702576112412178
Xenacoelomorpha	terminal	K	28	0.06557377049180328
Xenacoelomorpha	terminal	L	19	0.04449648711943794
Xenacoelomorpha	terminal	M	15	0.0351288056206089
Xenacoelomorpha	terminal	N	26	0.06088992974238876
Xenacoelomorpha	terminal	P	18	0.04215456674473068
Xenacoelomorpha	terminal	Q	28	0.06557377049180328
Xenacoelomorpha	terminal	R	17	0.03981264637002342
Xenacoelomorpha	terminal	S	18	0.04215456674473068
Xenacoelomorpha	terminal	T	19	0.04449648711943794
Xenacoelomorpha	terminal	V	2	0.00468384074941452
Xenacoelomorpha	terminal	W	15	0.0351288056206089
Xenacoelomorpha	terminal	Y	4	0.00936768149882904
