domain	residue	freq_terminal	freq_internal	ratio_terminal_over_internal
Bacteria	L	0.1361	0.0485	2.808
Bacteria	R	0.1823	0.0888	2.052
Bacteria	D	0.0237	0.0138	1.722
Bacteria	K	0.0225	0.0143	1.577
Bacteria	I	0.0062	0.0043	1.46
Bacteria	N	0.02	0.0152	1.314
Bacteria	G	0.1011	0.0798	1.267
Bacteria	S	0.04	0.0371	1.078
Bacteria	Q	0.0312	0.0295	1.06
Bacteria	A	0.0836	0.0865	0.967
Bacteria	T	0.0724	0.0751	0.965
Bacteria	P	0.0824	0.1017	0.81
Bacteria	H	0.0375	0.0494	0.758
Bacteria	E	0.0112	0.0157	0.717
Bacteria	F	0.0075	0.0114	0.657
Bacteria	W	0.0562	0.1164	0.483
Bacteria	V	0.01	0.0228	0.438
Bacteria	C	0.0662	0.1534	0.431
Bacteria	M	0.0075	0.0266	0.282
Bacteria	Y	0.0025	0.01	0.25
Archaea	L	0.1679	0.0318	5.276
Archaea	N	0.0153	0.0053	2.878
Archaea	R	0.1603	0.0743	2.158
Archaea	Q	0.0458	0.0212	2.158
Archaea	H	0.0611	0.0318	1.919
Archaea	V	0.0382	0.0212	1.799
Archaea	K	0.0153	0.0106	1.439
Archaea	I	0.0229	0.0186	1.233
Archaea	G	0.1527	0.13	1.175
Archaea	S	0.0305	0.0265	1.151
Archaea	M	0.0153	0.0159	0.959
Archaea	P	0.0305	0.0424	0.719
Archaea	E	0.0458	0.0716	0.64
Archaea	A	0.0763	0.1247	0.612
Archaea	T	0.0305	0.0663	0.46
Archaea	C	0.0611	0.1406	0.434
Archaea	D	0.0076	0.0186	0.411
Archaea	W	0.0229	0.1141	0.201
Archaea	F	0.0	0.0159	0.0
Archaea	Y	0.0	0.0186	0.0
Viridiplantae	L	0.1182	0.0277	4.259
Viridiplantae	M	0.0224	0.0077	2.921
Viridiplantae	F	0.017	0.0084	2.029
Viridiplantae	I	0.0017	0.0014	1.222
Viridiplantae	V	0.0088	0.0078	1.128
Viridiplantae	A	0.1149	0.1019	1.127
Viridiplantae	S	0.1037	0.093	1.115
Viridiplantae	P	0.0836	0.0791	1.057
Viridiplantae	R	0.0495	0.0475	1.041
Viridiplantae	H	0.0464	0.0474	0.978
Viridiplantae	Y	0.002	0.0023	0.9
Viridiplantae	T	0.0427	0.0478	0.895
Viridiplantae	C	0.0597	0.0698	0.856
Viridiplantae	G	0.1228	0.1511	0.813
Viridiplantae	W	0.0226	0.0282	0.802
Viridiplantae	Q	0.0557	0.0704	0.791
Viridiplantae	K	0.0269	0.0393	0.684
Viridiplantae	N	0.0245	0.0378	0.648
Viridiplantae	E	0.0438	0.0735	0.596
Viridiplantae	D	0.033	0.0579	0.57
Metazoa	L	0.0706	0.0147	4.811
Metazoa	M	0.0146	0.0062	2.345
Metazoa	C	0.0853	0.0444	1.922
Metazoa	K	0.0402	0.0233	1.727
Metazoa	V	0.0106	0.0061	1.717
Metazoa	F	0.0099	0.006	1.652
Metazoa	I	0.0058	0.0036	1.62
Metazoa	Y	0.0063	0.0039	1.589
Metazoa	R	0.0421	0.0346	1.217
Metazoa	S	0.0619	0.0603	1.027
Metazoa	E	0.0458	0.0459	0.998
Metazoa	W	0.0214	0.0219	0.979
Metazoa	P	0.059	0.0615	0.958
Metazoa	D	0.0537	0.0573	0.937
Metazoa	G	0.0925	0.1116	0.829
Metazoa	H	0.0487	0.0613	0.794
Metazoa	Q	0.1396	0.1772	0.788
Metazoa	N	0.0477	0.0615	0.775
Metazoa	T	0.0626	0.0826	0.758
Metazoa	A	0.0818	0.116	0.705
Other_Euk	L	0.0624	0.0179	3.485
Other_Euk	M	0.0184	0.0065	2.831
Other_Euk	F	0.0203	0.0075	2.708
Other_Euk	K	0.0655	0.0312	2.1
Other_Euk	V	0.0102	0.0066	1.549
Other_Euk	C	0.0626	0.0412	1.521
Other_Euk	R	0.0367	0.0246	1.493
Other_Euk	I	0.0054	0.004	1.344
Other_Euk	P	0.0496	0.0425	1.169
Other_Euk	Y	0.0031	0.0027	1.153
Other_Euk	W	0.0152	0.0158	0.962
Other_Euk	D	0.053	0.0564	0.939
Other_Euk	T	0.0588	0.0645	0.912
Other_Euk	N	0.06	0.0682	0.88
Other_Euk	A	0.1066	0.1249	0.854
Other_Euk	G	0.0517	0.0618	0.837
Other_Euk	H	0.0206	0.0258	0.799
Other_Euk	E	0.05	0.0644	0.777
Other_Euk	S	0.1013	0.1347	0.752
Other_Euk	Q	0.1484	0.1988	0.746
