phylum_1	phylum_2	pvalue_raw	pvalue_holm	sig
Bacteria	Archaea	0.98734	1.0	False
Bacteria	Oomycota	0.017933	1.0	False
Bacteria	Bacillariophyta	0.037459	1.0	False
Bacteria	Apicomplexa	0.0	1e-06	True
Bacteria	Ciliophora	0.864479	1.0	False
Bacteria	Rhizaria	0.42472	1.0	False
Bacteria	Euglenozoa	0.001292	0.72497	False
Bacteria	Metamonada	0.076523	1.0	False
Bacteria	Amoebozoa	0.048869	1.0	False
Bacteria	Viridiplantae	0.063192	1.0	False
Bacteria	Chlorophyta	0.017363	1.0	False
Bacteria	Rhodophyta	0.022117	1.0	False
Bacteria	Cryptophyta	0.662556	1.0	False
Bacteria	Protist	0.001212	0.680941	False
Bacteria	Fungi	0.005139	1.0	False
Bacteria	Porifera	0.116873	1.0	False
Bacteria	Ctenophora	0.325703	1.0	False
Bacteria	Placozoa	0.254264	1.0	False
Bacteria	Xenacoelomorpha	0.190485	1.0	False
Bacteria	Cnidaria	0.004701	1.0	False
Bacteria	Platyhelminthes	0.003715	1.0	False
Bacteria	Rotifera	0.029116	1.0	False
Bacteria	Nemertea	0.276755	1.0	False
Bacteria	Annelida	0.023807	1.0	False
Bacteria	Mollusca	7.9e-05	0.045314	True
Bacteria	Nematoda	0.002051	1.0	False
Bacteria	Tardigrada	0.203695	1.0	False
Bacteria	Collembola	0.254264	1.0	False
Bacteria	Crustacea	6e-06	0.003637	True
Bacteria	Myriapoda	0.056757	1.0	False
Bacteria	Chelicerata	2e-06	0.001265	True
Bacteria	Insecta	0.0	0.0	True
Bacteria	Echinodermata	0.040088	1.0	False
Bacteria	Hemichordata	0.138671	1.0	False
Archaea	Oomycota	0.029267	1.0	False
Archaea	Bacillariophyta	0.042827	1.0	False
Archaea	Apicomplexa	4e-06	0.00236	True
Archaea	Ciliophora	0.831232	1.0	False
Archaea	Rhizaria	0.489038	1.0	False
Archaea	Euglenozoa	0.003848	1.0	False
Archaea	Metamonada	0.088256	1.0	False
Archaea	Amoebozoa	0.072462	1.0	False
Archaea	Viridiplantae	0.192635	1.0	False
Archaea	Chlorophyta	0.026527	1.0	False
Archaea	Rhodophyta	0.026836	1.0	False
Archaea	Cryptophyta	0.603804	1.0	False
Archaea	Protist	0.003309	1.0	False
Archaea	Fungi	0.009103	1.0	False
Archaea	Porifera	0.132668	1.0	False
Archaea	Ctenophora	0.321873	1.0	False
Archaea	Placozoa	0.244871	1.0	False
Archaea	Xenacoelomorpha	0.166456	1.0	False
Archaea	Cnidaria	0.006066	1.0	False
Archaea	Platyhelminthes	0.004915	1.0	False
Archaea	Rotifera	0.031977	1.0	False
Archaea	Nemertea	0.281589	1.0	False
Archaea	Annelida	0.02554	1.0	False
Archaea	Mollusca	0.00041	0.232829	False
Archaea	Nematoda	0.003873	1.0	False
Archaea	Tardigrada	0.211651	1.0	False
Archaea	Collembola	0.244871	1.0	False
Archaea	Crustacea	0.000101	0.058131	False
Archaea	Myriapoda	0.061767	1.0	False
Archaea	Chelicerata	4.9e-05	0.028555	True
Archaea	Insecta	0.0	1.3e-05	True
Archaea	Echinodermata	0.037682	1.0	False
Archaea	Hemichordata	0.131693	1.0	False
Oomycota	Bacillariophyta	0.090648	1.0	False
Oomycota	Apicomplexa	5e-06	0.002943	True
Oomycota	Ciliophora	0.261424	1.0	False
Oomycota	Rhizaria	0.829855	1.0	False
Oomycota	Euglenozoa	0.020439	1.0	False
Oomycota	Metamonada	0.322252	1.0	False
Oomycota	Amoebozoa	0.250999	1.0	False
Oomycota	Viridiplantae	0.00554	1.0	False
Oomycota	Chlorophyta	0.021817	1.0	False
Oomycota	Rhodophyta	0.008945	1.0	False
Oomycota	Cryptophyta	0.591162	1.0	False
Oomycota	Protist	0.02906	1.0	False
Oomycota	Fungi	0.056034	1.0	False
Oomycota	Porifera	0.562151	1.0	False
Oomycota	Ctenophora	0.561973	1.0	False
Oomycota	Placozoa	0.228422	1.0	False
Oomycota	Xenacoelomorpha	0.370651	1.0	False
Oomycota	Cnidaria	0.024486	1.0	False
Oomycota	Platyhelminthes	0.004503	1.0	False
Oomycota	Rotifera	0.013477	1.0	False
Oomycota	Nemertea	0.228422	1.0	False
Oomycota	Annelida	0.014526	1.0	False
Oomycota	Mollusca	0.000636	0.360604	False
Oomycota	Nematoda	0.027382	1.0	False
Oomycota	Tardigrada	0.140998	1.0	False
Oomycota	Collembola	0.228422	1.0	False
Oomycota	Crustacea	8e-06	0.004734	True
Oomycota	Myriapoda	0.028931	1.0	False
Oomycota	Chelicerata	4.4e-05	0.025438	True
Oomycota	Insecta	0.0	1e-06	True
Oomycota	Echinodermata	0.021817	1.0	False
Oomycota	Hemichordata	0.081905	1.0	False
Bacillariophyta	Apicomplexa	0.114768	1.0	False
Bacillariophyta	Ciliophora	0.073232	1.0	False
Bacillariophyta	Rhizaria	0.571429	1.0	False
Bacillariophyta	Euglenozoa	0.904713	1.0	False
Bacillariophyta	Metamonada	0.662338	1.0	False
Bacillariophyta	Amoebozoa	0.513487	1.0	False
Bacillariophyta	Viridiplantae	0.004663	1.0	False
Bacillariophyta	Chlorophyta	0.536797	1.0	False
Bacillariophyta	Rhodophyta	0.071429	1.0	False
Bacillariophyta	Cryptophyta	1.0	1.0	False
Bacillariophyta	Protist	0.798966	1.0	False
Bacillariophyta	Fungi	1.0	1.0	False
Bacillariophyta	Porifera	0.904762	1.0	False
Bacillariophyta	Ctenophora	0.857143	1.0	False
Bacillariophyta	Placozoa	0.857143	1.0	False
Bacillariophyta	Xenacoelomorpha	0.571429	1.0	False
Bacillariophyta	Cnidaria	0.924136	1.0	False
Bacillariophyta	Platyhelminthes	0.14899	1.0	False
Bacillariophyta	Rotifera	0.25	1.0	False
Bacillariophyta	Nemertea	0.857143	1.0	False
Bacillariophyta	Annelida	0.547619	1.0	False
Bacillariophyta	Mollusca	0.861681	1.0	False
Bacillariophyta	Nematoda	1.0	1.0	False
Bacillariophyta	Tardigrada	0.857143	1.0	False
Bacillariophyta	Collembola	0.857143	1.0	False
Bacillariophyta	Crustacea	0.409486	1.0	False
Bacillariophyta	Myriapoda	0.392857	1.0	False
Bacillariophyta	Chelicerata	0.903243	1.0	False
Bacillariophyta	Insecta	0.275646	1.0	False
Bacillariophyta	Echinodermata	0.662338	1.0	False
Bacillariophyta	Hemichordata	1.0	1.0	False
Apicomplexa	Ciliophora	0.00024	0.136308	False
Apicomplexa	Rhizaria	0.275713	1.0	False
Apicomplexa	Euglenozoa	0.046999	1.0	False
Apicomplexa	Metamonada	0.110832	1.0	False
Apicomplexa	Amoebozoa	0.007559	1.0	False
Apicomplexa	Viridiplantae	0.0	0.0	True
Apicomplexa	Chlorophyta	0.823556	1.0	False
Apicomplexa	Rhodophyta	0.673781	1.0	False
Apicomplexa	Cryptophyta	0.280369	1.0	False
Apicomplexa	Protist	0.12641	1.0	False
Apicomplexa	Fungi	0.064741	1.0	False
Apicomplexa	Porifera	0.224831	1.0	False
Apicomplexa	Ctenophora	0.129293	1.0	False
Apicomplexa	Placozoa	0.20202	1.0	False
Apicomplexa	Xenacoelomorpha	0.084321	1.0	False
Apicomplexa	Cnidaria	0.004334	1.0	False
Apicomplexa	Platyhelminthes	0.891258	1.0	False
Apicomplexa	Rotifera	1.0	1.0	False
Apicomplexa	Nemertea	0.145455	1.0	False
Apicomplexa	Annelida	0.259973	1.0	False
Apicomplexa	Mollusca	0.000931	0.527162	False
Apicomplexa	Nematoda	0.023028	1.0	False
Apicomplexa	Tardigrada	0.244444	1.0	False
Apicomplexa	Collembola	0.20202	1.0	False
Apicomplexa	Crustacea	0.013375	1.0	False
Apicomplexa	Myriapoda	0.468906	1.0	False
Apicomplexa	Chelicerata	0.004094	1.0	False
Apicomplexa	Insecta	0.002302	1.0	False
Apicomplexa	Echinodermata	0.016728	1.0	False
Apicomplexa	Hemichordata	0.341414	1.0	False
Ciliophora	Rhizaria	0.833333	1.0	False
Ciliophora	Euglenozoa	0.014905	1.0	False
Ciliophora	Metamonada	0.137529	1.0	False
Ciliophora	Amoebozoa	0.070239	1.0	False
Ciliophora	Viridiplantae	0.76894	1.0	False
Ciliophora	Chlorophyta	0.013986	1.0	False
Ciliophora	Rhodophyta	0.016667	1.0	False
Ciliophora	Cryptophyta	0.516667	1.0	False
Ciliophora	Protist	0.044931	1.0	False
Ciliophora	Fungi	0.044118	1.0	False
Ciliophora	Porifera	0.315152	1.0	False
Ciliophora	Ctenophora	0.5	1.0	False
Ciliophora	Placozoa	0.222222	1.0	False
Ciliophora	Xenacoelomorpha	0.183333	1.0	False
Ciliophora	Cnidaria	0.014474	1.0	False
Ciliophora	Platyhelminthes	0.006993	1.0	False
Ciliophora	Rotifera	0.016667	1.0	False
Ciliophora	Nemertea	0.222222	1.0	False
Ciliophora	Annelida	0.010101	1.0	False
Ciliophora	Mollusca	0.001846	1.0	False
Ciliophora	Nematoda	0.021285	1.0	False
Ciliophora	Tardigrada	0.111111	1.0	False
Ciliophora	Collembola	0.222222	1.0	False
Ciliophora	Crustacea	3.2e-05	0.018614	True
Ciliophora	Myriapoda	0.033333	1.0	False
Ciliophora	Chelicerata	0.000168	0.095782	False
Ciliophora	Insecta	7.6e-05	0.043982	True
Ciliophora	Echinodermata	0.008159	1.0	False
Ciliophora	Hemichordata	0.055556	1.0	False
Rhizaria	Euglenozoa	0.55934	1.0	False
Rhizaria	Metamonada	0.547619	1.0	False
Rhizaria	Amoebozoa	0.811189	1.0	False
Rhizaria	Viridiplantae	0.793918	1.0	False
Rhizaria	Chlorophyta	0.380952	1.0	False
Rhizaria	Rhodophyta	0.7	1.0	False
Rhizaria	Cryptophyta	1.0	1.0	False
Rhizaria	Protist	0.632967	1.0	False
Rhizaria	Fungi	0.769231	1.0	False
Rhizaria	Porifera	0.857143	1.0	False
Rhizaria	Ctenophora	0.8	1.0	False
Rhizaria	Placozoa	0.8	1.0	False
Rhizaria	Xenacoelomorpha	0.7	1.0	False
Rhizaria	Cnidaria	0.610714	1.0	False
Rhizaria	Platyhelminthes	0.383333	1.0	False
Rhizaria	Rotifera	0.7	1.0	False
Rhizaria	Nemertea	0.8	1.0	False
Rhizaria	Annelida	0.571429	1.0	False
Rhizaria	Mollusca	0.441538	1.0	False
Rhizaria	Nematoda	0.497549	1.0	False
Rhizaria	Tardigrada	0.8	1.0	False
Rhizaria	Collembola	0.8	1.0	False
Rhizaria	Crustacea	0.401186	1.0	False
Rhizaria	Myriapoda	0.7	1.0	False
Rhizaria	Chelicerata	0.384872	1.0	False
Rhizaria	Insecta	0.342088	1.0	False
Rhizaria	Echinodermata	0.547619	1.0	False
Rhizaria	Hemichordata	0.8	1.0	False
Euglenozoa	Metamonada	0.746814	1.0	False
Euglenozoa	Amoebozoa	0.444738	1.0	False
Euglenozoa	Viridiplantae	0.000114	0.064982	False
Euglenozoa	Chlorophyta	0.329138	1.0	False
Euglenozoa	Rhodophyta	0.073512	1.0	False
Euglenozoa	Cryptophyta	0.79257	1.0	False
Euglenozoa	Protist	0.907605	1.0	False
Euglenozoa	Fungi	0.824268	1.0	False
Euglenozoa	Porifera	0.819814	1.0	False
Euglenozoa	Ctenophora	0.470588	1.0	False
Euglenozoa	Placozoa	0.640523	1.0	False
Euglenozoa	Xenacoelomorpha	0.4871	1.0	False
Euglenozoa	Cnidaria	0.583581	1.0	False
Euglenozoa	Platyhelminthes	0.197686	1.0	False
Euglenozoa	Rotifera	0.303406	1.0	False
Euglenozoa	Nemertea	0.640523	1.0	False
Euglenozoa	Annelida	0.779793	1.0	False
Euglenozoa	Mollusca	0.637563	1.0	False
Euglenozoa	Nematoda	0.707273	1.0	False
Euglenozoa	Tardigrada	0.941176	1.0	False
Euglenozoa	Collembola	0.640523	1.0	False
Euglenozoa	Crustacea	0.612969	1.0	False
Euglenozoa	Myriapoda	0.633643	1.0	False
Euglenozoa	Chelicerata	0.741879	1.0	False
Euglenozoa	Insecta	0.259007	1.0	False
Euglenozoa	Echinodermata	0.541059	1.0	False
Euglenozoa	Hemichordata	0.941176	1.0	False
Metamonada	Amoebozoa	0.874875	1.0	False
Metamonada	Viridiplantae	0.044451	1.0	False
Metamonada	Chlorophyta	0.309524	1.0	False
Metamonada	Rhodophyta	0.166667	1.0	False
Metamonada	Cryptophyta	0.904762	1.0	False
Metamonada	Protist	0.681965	1.0	False
Metamonada	Fungi	0.919895	1.0	False
Metamonada	Porifera	1.0	1.0	False
Metamonada	Ctenophora	0.857143	1.0	False
Metamonada	Placozoa	0.857143	1.0	False
Metamonada	Xenacoelomorpha	1.0	1.0	False
Metamonada	Cnidaria	0.831417	1.0	False
Metamonada	Platyhelminthes	0.234266	1.0	False
Metamonada	Rotifera	0.166667	1.0	False
Metamonada	Nemertea	1.0	1.0	False
Metamonada	Annelida	0.536797	1.0	False
Metamonada	Mollusca	0.655484	1.0	False
Metamonada	Nematoda	0.849993	1.0	False
Metamonada	Tardigrada	0.857143	1.0	False
Metamonada	Collembola	0.857143	1.0	False
Metamonada	Crustacea	0.216108	1.0	False
Metamonada	Myriapoda	0.380952	1.0	False
Metamonada	Chelicerata	0.340506	1.0	False
Metamonada	Insecta	0.097508	1.0	False
Metamonada	Echinodermata	0.937229	1.0	False
Metamonada	Hemichordata	0.642857	1.0	False
Amoebozoa	Viridiplantae	0.018666	1.0	False
Amoebozoa	Chlorophyta	0.147103	1.0	False
Amoebozoa	Rhodophyta	0.076923	1.0	False
Amoebozoa	Cryptophyta	1.0	1.0	False
Amoebozoa	Protist	0.373378	1.0	False
Amoebozoa	Fungi	0.459672	1.0	False
Amoebozoa	Porifera	0.733267	1.0	False
Amoebozoa	Ctenophora	0.757576	1.0	False
Amoebozoa	Placozoa	1.0	1.0	False
Amoebozoa	Xenacoelomorpha	0.811189	1.0	False
Amoebozoa	Cnidaria	0.828161	1.0	False
Amoebozoa	Platyhelminthes	0.133073	1.0	False
Amoebozoa	Rotifera	0.076923	1.0	False
Amoebozoa	Nemertea	1.0	1.0	False
Amoebozoa	Annelida	0.370962	1.0	False
Amoebozoa	Mollusca	0.444942	1.0	False
Amoebozoa	Nematoda	0.598218	1.0	False
Amoebozoa	Tardigrada	0.606061	1.0	False
Amoebozoa	Collembola	1.0	1.0	False
Amoebozoa	Crustacea	0.029535	1.0	False
Amoebozoa	Myriapoda	0.370629	1.0	False
Amoebozoa	Chelicerata	0.061074	1.0	False
Amoebozoa	Insecta	0.010053	1.0	False
Amoebozoa	Echinodermata	0.635365	1.0	False
Amoebozoa	Hemichordata	0.363636	1.0	False
Viridiplantae	Chlorophyta	0.005396	1.0	False
Viridiplantae	Rhodophyta	0.00446	1.0	False
Viridiplantae	Cryptophyta	0.428861	1.0	False
Viridiplantae	Protist	7e-05	0.040447	True
Viridiplantae	Fungi	0.000996	0.562654	False
Viridiplantae	Porifera	0.092792	1.0	False
Viridiplantae	Ctenophora	0.144622	1.0	False
Viridiplantae	Placozoa	0.089633	1.0	False
Viridiplantae	Xenacoelomorpha	0.051415	1.0	False
Viridiplantae	Cnidaria	4.5e-05	0.026048	True
Viridiplantae	Platyhelminthes	0.000169	0.096422	False
Viridiplantae	Rotifera	0.004896	1.0	False
Viridiplantae	Nemertea	0.073601	1.0	False
Viridiplantae	Annelida	0.001565	0.87651	False
Viridiplantae	Mollusca	0.0	3e-06	True
Viridiplantae	Nematoda	3.1e-05	0.01827	True
Viridiplantae	Tardigrada	0.046488	1.0	False
Viridiplantae	Collembola	0.089633	1.0	False
Viridiplantae	Crustacea	0.0	0.0	True
Viridiplantae	Myriapoda	0.010467	1.0	False
Viridiplantae	Chelicerata	0.0	0.0	True
Viridiplantae	Insecta	0.0	0.0	True
Viridiplantae	Echinodermata	0.001083	0.611067	False
Viridiplantae	Hemichordata	0.031078	1.0	False
Chlorophyta	Rhodophyta	0.714286	1.0	False
Chlorophyta	Cryptophyta	0.380952	1.0	False
Chlorophyta	Protist	0.553221	1.0	False
Chlorophyta	Fungi	0.350194	1.0	False
Chlorophyta	Porifera	0.609524	1.0	False
Chlorophyta	Ctenophora	0.285714	1.0	False
Chlorophyta	Placozoa	0.285714	1.0	False
Chlorophyta	Xenacoelomorpha	0.166667	1.0	False
Chlorophyta	Cnidaria	0.151777	1.0	False
Chlorophyta	Platyhelminthes	0.945221	1.0	False
Chlorophyta	Rotifera	0.904762	1.0	False
Chlorophyta	Nemertea	0.285714	1.0	False
Chlorophyta	Annelida	0.536797	1.0	False
Chlorophyta	Mollusca	0.11394	1.0	False
Chlorophyta	Nematoda	0.205108	1.0	False
Chlorophyta	Tardigrada	0.428571	1.0	False
Chlorophyta	Collembola	0.285714	1.0	False
Chlorophyta	Crustacea	0.345306	1.0	False
Chlorophyta	Myriapoda	0.904762	1.0	False
Chlorophyta	Chelicerata	0.320255	1.0	False
Chlorophyta	Insecta	0.565494	1.0	False
Chlorophyta	Echinodermata	0.064935	1.0	False
Chlorophyta	Hemichordata	0.642857	1.0	False
Rhodophyta	Cryptophyta	0.4	1.0	False
Rhodophyta	Protist	0.101099	1.0	False
Rhodophyta	Fungi	0.06044	1.0	False
Rhodophyta	Porifera	0.228571	1.0	False
Rhodophyta	Ctenophora	0.2	1.0	False
Rhodophyta	Placozoa	0.2	1.0	False
Rhodophyta	Xenacoelomorpha	0.1	1.0	False
Rhodophyta	Cnidaria	0.007143	1.0	False
Rhodophyta	Platyhelminthes	0.666667	1.0	False
Rhodophyta	Rotifera	0.4	1.0	False
Rhodophyta	Nemertea	0.2	1.0	False
Rhodophyta	Annelida	0.142857	1.0	False
Rhodophyta	Mollusca	0.005385	1.0	False
Rhodophyta	Nematoda	0.056373	1.0	False
Rhodophyta	Tardigrada	0.2	1.0	False
Rhodophyta	Collembola	0.2	1.0	False
Rhodophyta	Crustacea	0.040514	1.0	False
Rhodophyta	Myriapoda	0.2	1.0	False
Rhodophyta	Chelicerata	0.018242	1.0	False
Rhodophyta	Insecta	0.044037	1.0	False
Rhodophyta	Echinodermata	0.02381	1.0	False
Rhodophyta	Hemichordata	0.2	1.0	False
Cryptophyta	Protist	0.945055	1.0	False
Cryptophyta	Fungi	0.884615	1.0	False
Cryptophyta	Porifera	1.0	1.0	False
Cryptophyta	Ctenophora	0.8	1.0	False
Cryptophyta	Placozoa	1.0	1.0	False
Cryptophyta	Xenacoelomorpha	1.0	1.0	False
Cryptophyta	Cnidaria	0.9	1.0	False
Cryptophyta	Platyhelminthes	0.516667	1.0	False
Cryptophyta	Rotifera	0.7	1.0	False
Cryptophyta	Nemertea	0.8	1.0	False
Cryptophyta	Annelida	1.0	1.0	False
Cryptophyta	Mollusca	1.0	1.0	False
Cryptophyta	Nematoda	1.0	1.0	False
Cryptophyta	Tardigrada	1.0	1.0	False
Cryptophyta	Collembola	1.0	1.0	False
Cryptophyta	Crustacea	0.679842	1.0	False
Cryptophyta	Myriapoda	1.0	1.0	False
Cryptophyta	Chelicerata	0.634928	1.0	False
Cryptophyta	Insecta	0.521561	1.0	False
Cryptophyta	Echinodermata	1.0	1.0	False
Cryptophyta	Hemichordata	0.8	1.0	False
Protist	Fungi	0.781814	1.0	False
Protist	Porifera	0.598901	1.0	False
Protist	Ctenophora	0.659341	1.0	False
Protist	Placozoa	0.791209	1.0	False
Protist	Xenacoelomorpha	0.632967	1.0	False
Protist	Cnidaria	0.462764	1.0	False
Protist	Platyhelminthes	0.195562	1.0	False
Protist	Rotifera	0.364835	1.0	False
Protist	Nemertea	0.791209	1.0	False
Protist	Annelida	0.646089	1.0	False
Protist	Mollusca	0.676636	1.0	False
Protist	Nematoda	0.8262	1.0	False
Protist	Tardigrada	0.791209	1.0	False
Protist	Collembola	0.791209	1.0	False
Protist	Crustacea	0.925459	1.0	False
Protist	Myriapoda	0.632967	1.0	False
Protist	Chelicerata	0.894341	1.0	False
Protist	Insecta	0.594365	1.0	False
Protist	Echinodermata	0.616462	1.0	False
Protist	Hemichordata	0.923077	1.0	False
Fungi	Porifera	0.949451	1.0	False
Fungi	Ctenophora	0.641026	1.0	False
Fungi	Placozoa	0.769231	1.0	False
Fungi	Xenacoelomorpha	0.659341	1.0	False
Fungi	Cnidaria	0.622318	1.0	False
Fungi	Platyhelminthes	0.17911	1.0	False
Fungi	Rotifera	0.225275	1.0	False
Fungi	Nemertea	0.641026	1.0	False
Fungi	Annelida	0.742674	1.0	False
Fungi	Mollusca	0.740408	1.0	False
Fungi	Nematoda	0.835542	1.0	False
Fungi	Tardigrada	0.923077	1.0	False
Fungi	Collembola	0.769231	1.0	False
Fungi	Crustacea	0.796471	1.0	False
Fungi	Myriapoda	0.659341	1.0	False
Fungi	Chelicerata	0.839244	1.0	False
Fungi	Insecta	0.320447	1.0	False
Fungi	Echinodermata	0.590821	1.0	False
Fungi	Hemichordata	0.923077	1.0	False
Porifera	Ctenophora	1.0	1.0	False
Porifera	Placozoa	1.0	1.0	False
Porifera	Xenacoelomorpha	1.0	1.0	False
Porifera	Cnidaria	1.0	1.0	False
Porifera	Platyhelminthes	0.230303	1.0	False
Porifera	Rotifera	0.4	1.0	False
Porifera	Nemertea	1.0	1.0	False
Porifera	Annelida	0.555556	1.0	False
Porifera	Mollusca	0.921481	1.0	False
Porifera	Nematoda	0.809598	1.0	False
Porifera	Tardigrada	1.0	1.0	False
Porifera	Collembola	1.0	1.0	False
Porifera	Crustacea	0.642213	1.0	False
Porifera	Myriapoda	0.857143	1.0	False
Porifera	Chelicerata	0.762625	1.0	False
Porifera	Insecta	0.46744	1.0	False
Porifera	Echinodermata	1.0	1.0	False
Porifera	Hemichordata	1.0	1.0	False
Ctenophora	Placozoa	0.666667	1.0	False
Ctenophora	Xenacoelomorpha	1.0	1.0	False
Ctenophora	Cnidaria	0.380952	1.0	False
Ctenophora	Platyhelminthes	0.333333	1.0	False
Ctenophora	Rotifera	0.2	1.0	False
Ctenophora	Nemertea	0.414216	1.0	False
Ctenophora	Annelida	0.190476	1.0	False
Ctenophora	Mollusca	0.2	1.0	False
Ctenophora	Nematoda	0.441176	1.0	False
Ctenophora	Tardigrada	0.333333	1.0	False
Ctenophora	Collembola	0.666667	1.0	False
Ctenophora	Crustacea	0.007905	1.0	False
Ctenophora	Myriapoda	0.4	1.0	False
Ctenophora	Chelicerata	0.096311	1.0	False
Ctenophora	Insecta	0.059295	1.0	False
Ctenophora	Echinodermata	0.17981	1.0	False
Ctenophora	Hemichordata	0.333333	1.0	False
Placozoa	Xenacoelomorpha	1.0	1.0	False
Placozoa	Cnidaria	0.865015	1.0	False
Placozoa	Platyhelminthes	0.333333	1.0	False
Placozoa	Rotifera	0.2	1.0	False
Placozoa	Nemertea	1.0	1.0	False
Placozoa	Annelida	0.571429	1.0	False
Placozoa	Mollusca	0.616419	1.0	False
Placozoa	Nematoda	0.941176	1.0	False
Placozoa	Tardigrada	0.666667	1.0	False
Placozoa	Collembola	1.0	1.0	False
Placozoa	Crustacea	0.237154	1.0	False
Placozoa	Myriapoda	0.4	1.0	False
Placozoa	Chelicerata	0.331034	1.0	False
Placozoa	Insecta	0.113037	1.0	False
Placozoa	Echinodermata	0.857143	1.0	False
Placozoa	Hemichordata	0.666667	1.0	False
Xenacoelomorpha	Cnidaria	0.703571	1.0	False
Xenacoelomorpha	Platyhelminthes	0.183333	1.0	False
Xenacoelomorpha	Rotifera	0.1	1.0	False
Xenacoelomorpha	Nemertea	0.8	1.0	False
Xenacoelomorpha	Annelida	0.25	1.0	False
Xenacoelomorpha	Mollusca	0.241538	1.0	False
Xenacoelomorpha	Nematoda	0.573529	1.0	False
Xenacoelomorpha	Tardigrada	0.4	1.0	False
Xenacoelomorpha	Collembola	1.0	1.0	False
Xenacoelomorpha	Crustacea	0.066206	1.0	False
Xenacoelomorpha	Myriapoda	0.2	1.0	False
Xenacoelomorpha	Chelicerata	0.121913	1.0	False
Xenacoelomorpha	Insecta	0.042624	1.0	False
Xenacoelomorpha	Echinodermata	0.547619	1.0	False
Xenacoelomorpha	Hemichordata	0.4	1.0	False
Cnidaria	Platyhelminthes	0.055676	1.0	False
Cnidaria	Rotifera	0.057143	1.0	False
Cnidaria	Nemertea	0.8	1.0	False
Cnidaria	Annelida	0.288749	1.0	False
Cnidaria	Mollusca	0.542305	1.0	False
Cnidaria	Nematoda	0.782247	1.0	False
Cnidaria	Tardigrada	0.8	1.0	False
Cnidaria	Collembola	0.8	1.0	False
Cnidaria	Crustacea	0.011865	1.0	False
Cnidaria	Myriapoda	0.296429	1.0	False
Cnidaria	Chelicerata	0.07994	1.0	False
Cnidaria	Insecta	0.006093	1.0	False
Cnidaria	Echinodermata	0.765369	1.0	False
Cnidaria	Hemichordata	0.47619	1.0	False
Platyhelminthes	Rotifera	0.833333	1.0	False
Platyhelminthes	Nemertea	0.5	1.0	False
Platyhelminthes	Annelida	0.638889	1.0	False
Platyhelminthes	Mollusca	0.10042	1.0	False
Platyhelminthes	Nematoda	0.185137	1.0	False
Platyhelminthes	Tardigrada	0.5	1.0	False
Platyhelminthes	Collembola	0.333333	1.0	False
Platyhelminthes	Crustacea	0.321258	1.0	False
Platyhelminthes	Myriapoda	0.666667	1.0	False
Platyhelminthes	Chelicerata	0.134601	1.0	False
Platyhelminthes	Insecta	0.227701	1.0	False
Platyhelminthes	Echinodermata	0.234266	1.0	False
Platyhelminthes	Hemichordata	0.5	1.0	False
Rotifera	Nemertea	0.2	1.0	False
Rotifera	Annelida	0.392857	1.0	False
Rotifera	Mollusca	0.023846	1.0	False
Rotifera	Nematoda	0.164216	1.0	False
Rotifera	Tardigrada	0.2	1.0	False
Rotifera	Collembola	0.2	1.0	False
Rotifera	Crustacea	0.145257	1.0	False
Rotifera	Myriapoda	0.7	1.0	False
Rotifera	Chelicerata	0.090768	1.0	False
Rotifera	Insecta	0.207975	1.0	False
Rotifera	Echinodermata	0.02381	1.0	False
Rotifera	Hemichordata	0.4	1.0	False
Nemertea	Annelida	0.571429	1.0	False
Nemertea	Mollusca	0.48	1.0	False
Nemertea	Nematoda	0.941176	1.0	False
Nemertea	Tardigrada	0.333333	1.0	False
Nemertea	Collembola	1.0	1.0	False
Nemertea	Crustacea	0.01581	1.0	False
Nemertea	Myriapoda	0.8	1.0	False
Nemertea	Chelicerata	0.13447	1.0	False
Nemertea	Insecta	0.083672	1.0	False
Nemertea	Echinodermata	0.737372	1.0	False
Nemertea	Hemichordata	0.333333	1.0	False
Annelida	Mollusca	0.521042	1.0	False
Annelida	Nematoda	0.44453	1.0	False
Annelida	Tardigrada	1.0	1.0	False
Annelida	Collembola	0.571429	1.0	False
Annelida	Crustacea	0.850137	1.0	False
Annelida	Myriapoda	1.0	1.0	False
Annelida	Chelicerata	0.941871	1.0	False
Annelida	Insecta	0.72594	1.0	False
Annelida	Echinodermata	0.792208	1.0	False
Annelida	Hemichordata	0.857143	1.0	False
Mollusca	Nematoda	0.720067	1.0	False
Mollusca	Tardigrada	0.96	1.0	False
Mollusca	Collembola	0.6	1.0	False
Mollusca	Crustacea	0.033458	1.0	False
Mollusca	Myriapoda	0.275385	1.0	False
Mollusca	Chelicerata	0.101541	1.0	False
Mollusca	Insecta	0.00116	0.652964	False
Mollusca	Echinodermata	0.693912	1.0	False
Mollusca	Hemichordata	0.31641	1.0	False
Nematoda	Tardigrada	0.720588	1.0	False
Nematoda	Collembola	0.941176	1.0	False
Nematoda	Crustacea	0.083146	1.0	False
Nematoda	Myriapoda	0.497549	1.0	False
Nematoda	Chelicerata	0.226121	1.0	False
Nematoda	Insecta	0.050195	1.0	False
Nematoda	Echinodermata	0.733304	1.0	False
Nematoda	Hemichordata	0.529412	1.0	False
Tardigrada	Collembola	0.666667	1.0	False
Tardigrada	Crustacea	0.387352	1.0	False
Tardigrada	Myriapoda	0.8	1.0	False
Tardigrada	Chelicerata	0.45977	1.0	False
Tardigrada	Insecta	0.201322	1.0	False
Tardigrada	Echinodermata	0.428571	1.0	False
Tardigrada	Hemichordata	0.666667	1.0	False
Collembola	Crustacea	0.237154	1.0	False
Collembola	Myriapoda	0.4	1.0	False
Collembola	Chelicerata	0.331034	1.0	False
Collembola	Insecta	0.114311	1.0	False
Collembola	Echinodermata	0.857143	1.0	False
Collembola	Hemichordata	0.666667	1.0	False
Crustacea	Myriapoda	1.0	1.0	False
Crustacea	Chelicerata	0.620618	1.0	False
Crustacea	Insecta	0.392938	1.0	False
Crustacea	Echinodermata	0.041958	1.0	False
Crustacea	Hemichordata	0.956522	1.0	False
Myriapoda	Chelicerata	0.634928	1.0	False
Myriapoda	Insecta	0.873591	1.0	False
Myriapoda	Echinodermata	0.380952	1.0	False
Myriapoda	Hemichordata	0.8	1.0	False
Chelicerata	Insecta	0.079534	1.0	False
Chelicerata	Echinodermata	0.10872	1.0	False
Chelicerata	Hemichordata	0.901149	1.0	False
Insecta	Echinodermata	0.010839	1.0	False
Insecta	Hemichordata	0.52835	1.0	False
Echinodermata	Hemichordata	0.142857	1.0	False
