param_set	phylum	n_total_lcr	n_terminal	pct_terminal	pooled_OR	pooled_p	significant
A_current	Bacteria	2906	801	27.56	3.431	0.0	True
A_current	Archaea	513	132	25.73	3.132	0.0	True
A_current	Oomycota	20801	4406	21.18	2.419	0.0	True
A_current	Bacillariophyta	8791	1542	17.54	1.914	0.0	True
A_current	Apicomplexa	55120	6820	12.37	1.271	0.0	True
A_current	Ciliophora	3201	773	24.15	2.865	0.0	True
A_current	Perkinsozoa	1042	229	21.98	2.538	0.0	True
A_current	Rhizaria	12846	2396	18.65	2.064	0.0	True
A_current	Euglenozoa	15881	2902	18.27	2.012	0.0	True
A_current	Metamonada	1449	270	18.63	2.074	0.0	True
A_current	Amoebozoa	17721	2992	16.88	1.828	0.0	True
A_current	Viridiplantae	370556	87451	23.6	2.78	0.0	True
A_current	Chlorophyta	11029	1361	12.34	1.268	0.0	True
A_current	Rhodophyta	990	131	13.23	1.373	0.014756	True
A_current	Haptophyta	2821	370	13.12	1.359	0.000146	True
A_current	Cryptophyta	1806	355	19.66	2.209	0.0	True
A_current	Protist	20480	3506	17.12	1.859	0.0	True
A_current	Fungi	5993	1045	17.44	1.901	0.0	True
A_current	Porifera	5089	901	17.7	1.94	0.0	True
A_current	Ctenophora	1109	234	21.1	2.426	0.0	True
A_current	Placozoa	579	117	20.21	2.315	1e-06	True
A_current	Xenacoelomorpha	2125	430	20.24	2.288	0.0	True
A_current	Cnidaria	11181	2177	19.47	2.176	0.0	True
A_current	Platyhelminthes	5425	794	14.64	1.544	0.0	True
A_current	Rotifera	10854	1776	16.36	1.761	0.0	True
A_current	Nemertea	1791	365	20.38	2.304	0.0	True
A_current	Annelida	6872	1141	16.6	1.792	0.0	True
A_current	Brachiopoda	1250	265	21.2	2.421	0.0	True
A_current	Mollusca	24710	4627	18.73	2.074	0.0	True
A_current	Acanthocephala	128	21	16.41	1.881	0.070535	False
A_current	Nematomorpha	181	30	16.57	1.788	0.045632	True
A_current	Nematoda	12578	2398	19.07	2.121	0.0	True
A_current	Priapulida	1273	178	13.98	1.466	0.001145	True
A_current	Tardigrada	1843	350	18.99	2.112	0.0	True
A_current	Collembola	2918	593	20.32	2.302	0.0	True
A_current	Crustacea	39253	7097	18.08	1.986	0.0	True
A_current	Myriapoda	2201	379	17.22	1.872	0.0	True
A_current	Chelicerata	28033	5059	18.05	1.982	0.0	True
A_current	Insecta	280687	47212	16.82	1.82	0.0	True
A_current	Echinodermata	6356	1245	19.59	2.194	0.0	True
A_current	Hemichordata	2102	377	17.94	1.968	0.0	True
A_current	Chordata	1121	177	15.79	1.688	2.7e-05	True
A_current	Heterolobosea	967	300	31.02	4.076	0.0	True
B_stringent	Bacteria	580	198	34.14	4.665	0.0	True
B_stringent	Archaea	131	38	29.01	3.677	8.1e-05	True
B_stringent	Oomycota	6459	1276	19.76	2.219	0.0	True
B_stringent	Bacillariophyta	4101	660	16.09	1.726	0.0	True
B_stringent	Apicomplexa	32913	4033	12.25	1.257	0.0	True
B_stringent	Ciliophora	1196	242	20.23	2.294	0.0	True
B_stringent	Perkinsozoa	448	93	20.76	2.399	4e-06	True
B_stringent	Rhizaria	7680	1556	20.26	2.287	0.0	True
B_stringent	Euglenozoa	6824	1076	15.77	1.686	0.0	True
B_stringent	Metamonada	588	70	11.9	1.233	0.15391	False
B_stringent	Amoebozoa	10076	1592	15.8	1.69	0.0	True
B_stringent	Viridiplantae	155716	36872	23.68	2.792	0.0	True
B_stringent	Chlorophyta	5213	604	11.59	1.18	0.004856	True
B_stringent	Rhodophyta	538	61	11.34	1.168	0.247408	False
B_stringent	Haptophyta	1161	128	11.02	1.115	0.230498	False
B_stringent	Cryptophyta	978	188	19.22	2.159	0.0	True
B_stringent	Protist	10596	1651	15.58	1.662	0.0	True
B_stringent	Fungi	2602	422	16.22	1.743	0.0	True
B_stringent	Porifera	2338	352	15.06	1.6	0.0	True
B_stringent	Ctenophora	409	65	15.89	1.738	0.006145	True
B_stringent	Placozoa	181	33	18.23	2.007	0.017721	True
B_stringent	Xenacoelomorpha	824	147	17.84	1.962	2e-06	True
B_stringent	Cnidaria	3788	680	17.95	1.973	0.0	True
B_stringent	Platyhelminthes	2387	330	13.82	1.448	2.4e-05	True
B_stringent	Rotifera	5460	845	15.48	1.648	0.0	True
B_stringent	Nemertea	772	139	18.01	1.979	4e-06	True
B_stringent	Annelida	2838	458	16.14	1.737	0.0	True
B_stringent	Brachiopoda	435	86	19.77	2.241	2.9e-05	True
B_stringent	Mollusca	9119	1509	16.55	1.786	0.0	True
B_stringent	Acanthocephala	30	5	16.67	1.8	0.353235	False
B_stringent	Nematomorpha	46	4	8.7	0.976	0.655483	False
B_stringent	Nematoda	5129	857	16.71	1.809	0.0	True
B_stringent	Priapulida	669	84	12.56	1.31	0.071574	False
B_stringent	Tardigrada	684	128	18.71	2.082	2e-06	True
B_stringent	Collembola	1069	200	18.71	2.089	0.0	True
B_stringent	Crustacea	18335	2939	16.03	1.718	0.0	True
B_stringent	Myriapoda	883	132	14.95	1.586	0.000976	True
B_stringent	Chelicerata	12016	2097	17.45	1.904	0.0	True
B_stringent	Insecta	131669	20047	15.23	1.616	0.0	True
B_stringent	Echinodermata	2279	427	18.74	2.083	0.0	True
B_stringent	Hemichordata	724	146	20.17	2.284	0.0	True
B_stringent	Chordata	509	57	11.2	1.155	0.273527	False
B_stringent	Heterolobosea	323	98	30.34	3.947	0.0	True
C_relaxed	Bacteria	8763	2101	23.98	2.839	0.0	True
C_relaxed	Archaea	1525	341	22.36	2.6	0.0	True
C_relaxed	Oomycota	46791	9315	19.91	2.237	0.0	True
C_relaxed	Bacillariophyta	17363	2910	16.76	1.812	0.0	True
C_relaxed	Apicomplexa	86469	10770	12.46	1.281	0.0	True
C_relaxed	Ciliophora	7218	1634	22.64	2.636	0.0	True
C_relaxed	Perkinsozoa	2168	437	20.16	2.28	0.0	True
C_relaxed	Rhizaria	21157	3497	16.53	1.783	0.0	True
C_relaxed	Euglenozoa	29119	5144	17.67	1.932	0.0	True
C_relaxed	Metamonada	3424	715	20.88	2.378	0.0	True
C_relaxed	Amoebozoa	29796	5081	17.05	1.851	0.0	True
C_relaxed	Viridiplantae	767103	172098	22.43	2.603	0.0	True
C_relaxed	Chlorophyta	21529	2695	12.52	1.288	0.0	True
C_relaxed	Rhodophyta	1872	271	14.48	1.524	1.7e-05	True
C_relaxed	Haptophyta	5819	747	12.84	1.328	1e-06	True
C_relaxed	Cryptophyta	3400	650	19.12	2.127	0.0	True
C_relaxed	Protist	38217	6602	17.28	1.88	0.0	True
C_relaxed	Fungi	12813	2105	16.43	1.77	0.0	True
C_relaxed	Porifera	10452	1880	17.99	1.974	0.0	True
C_relaxed	Ctenophora	2574	529	20.55	2.331	0.0	True
C_relaxed	Placozoa	1408	268	19.03	2.128	0.0	True
C_relaxed	Xenacoelomorpha	4825	908	18.82	2.088	0.0	True
C_relaxed	Cnidaria	25444	4639	18.23	2.007	0.0	True
C_relaxed	Platyhelminthes	10725	1552	14.47	1.523	0.0	True
C_relaxed	Rotifera	18522	2938	15.86	1.697	0.0	True
C_relaxed	Nemertea	3816	733	19.21	2.143	0.0	True
C_relaxed	Annelida	14299	2276	15.92	1.705	0.0	True
C_relaxed	Brachiopoda	2884	543	18.83	2.09	0.0	True
C_relaxed	Mollusca	55183	9790	17.74	1.941	0.0	True
C_relaxed	Acanthocephala	412	61	14.81	1.568	0.022711	True
C_relaxed	Nematomorpha	451	67	14.86	1.57	0.017334	True
C_relaxed	Nematoda	26980	4860	18.01	1.977	0.0	True
C_relaxed	Priapulida	2391	358	14.97	1.585	0.0	True
C_relaxed	Tardigrada	3955	713	18.03	1.982	0.0	True
C_relaxed	Collembola	6519	1178	18.07	1.988	0.0	True
C_relaxed	Crustacea	77185	13801	17.88	1.96	0.0	True
C_relaxed	Myriapoda	4705	799	16.98	1.843	0.0	True
C_relaxed	Chelicerata	58381	10215	17.5	1.909	0.0	True
C_relaxed	Insecta	549951	94771	17.23	1.874	0.0	True
C_relaxed	Echinodermata	14805	2776	18.75	2.078	0.0	True
C_relaxed	Hemichordata	4784	828	17.31	1.885	0.0	True
C_relaxed	Chordata	2464	384	15.58	1.664	0.0	True
C_relaxed	Heterolobosea	2025	554	27.36	3.397	0.0	True
D_multitype	Bacteria	3168	287	9.06	0.899	0.901217	False
D_multitype	Archaea	529	60	11.34	1.171	0.245502	False
D_multitype	Oomycota	12922	1518	11.75	1.198	3e-06	True
D_multitype	Bacillariophyta	4082	444	10.88	1.099	0.10324	False
D_multitype	Apicomplexa	20718	1393	6.72	0.649	1.0	False
D_multitype	Ciliophora	2607	140	5.37	0.512	1.0	False
D_multitype	Perkinsozoa	625	51	8.16	0.805	0.883545	False
D_multitype	Rhizaria	4557	352	7.72	0.754	0.999939	False
D_multitype	Euglenozoa	5265	590	11.21	1.137	0.023212	True
D_multitype	Metamonada	1216	141	11.6	1.186	0.108263	False
D_multitype	Amoebozoa	7227	735	10.17	1.02	0.371179	False
D_multitype	Viridiplantae	187666	23769	12.67	1.305	0.0	True
D_multitype	Chlorophyta	5594	434	7.76	0.757	0.999986	False
D_multitype	Rhodophyta	360	40	11.11	1.125	0.358086	False
D_multitype	Haptophyta	2001	112	5.6	0.534	1.0	False
D_multitype	Cryptophyta	1240	124	10.0	1.0	0.526676	False
D_multitype	Protist	13227	1482	11.2	1.136	0.000751	True
D_multitype	Fungi	3437	378	11.0	1.114	0.091046	False
D_multitype	Porifera	4020	327	8.13	0.797	0.998431	False
D_multitype	Ctenophora	1310	102	7.79	0.76	0.980351	False
D_multitype	Placozoa	323	41	12.69	1.318	0.163503	False
D_multitype	Xenacoelomorpha	1066	102	9.57	0.957	0.645047	False
D_multitype	Cnidaria	10742	695	6.47	0.623	1.0	False
D_multitype	Platyhelminthes	1834	172	9.38	0.933	0.75032	False
D_multitype	Rotifera	3297	274	8.31	0.817	0.991752	False
D_multitype	Nemertea	1153	112	9.71	0.97	0.612724	False
D_multitype	Annelida	5086	413	8.12	0.796	0.999554	False
D_multitype	Brachiopoda	829	73	8.81	0.878	0.802736	False
D_multitype	Mollusca	22461	1459	6.5	0.625	1.0	False
D_multitype	Acanthocephala	229	8	3.49	0.339	0.998125	False
D_multitype	Nematomorpha	150	8	5.33	0.507	0.959678	False
D_multitype	Nematoda	8362	613	7.33	0.712	1.0	False
D_multitype	Priapulida	656	44	6.71	0.653	0.986603	False
D_multitype	Tardigrada	1250	95	7.6	0.74	0.98578	False
D_multitype	Collembola	1509	141	9.34	0.933	0.733216	False
D_multitype	Crustacea	37353	2312	6.19	0.594	1.0	False
D_multitype	Myriapoda	1280	104	8.12	0.796	0.957481	False
D_multitype	Chelicerata	14736	1284	8.71	0.859	0.999929	False
D_multitype	Insecta	139272	15407	11.06	1.119	0.0	True
D_multitype	Echinodermata	4657	494	10.61	1.07	0.170767	False
D_multitype	Hemichordata	1526	111	7.27	0.709	0.99673	False
D_multitype	Chordata	1109	57	5.14	0.492	0.999994	False
D_multitype	Heterolobosea	591	58	9.81	0.979	0.580963	False
