species_key	display_name	class	n_lcr	n_nterm	pct_nterm	nterm_OR	nterm_p	nterm_sig
acinetobacter_baumannii_aye_gca_000069245	Acinetobacter baumannii AYE	with_signal_peptide	0	0				
acinetobacter_baumannii_aye_gca_000069245	Acinetobacter baumannii AYE	without_signal_peptide	0	0				
acinetobacter_baumannii_aye_gca_000069245	Acinetobacter baumannii AYE	unannotated	32	4	12.5	4.286	0.187248	False
actinobacillus_pleuropneumoniae_serovar_5b_str_l20_gca_000015885	Actinobacillus pleuropneumoniae serovar 5b str. L20	with_signal_peptide	0	0				
actinobacillus_pleuropneumoniae_serovar_5b_str_l20_gca_000015885	Actinobacillus pleuropneumoniae serovar 5b str. L20	without_signal_peptide	0	0				
actinobacillus_pleuropneumoniae_serovar_5b_str_l20_gca_000015885	Actinobacillus pleuropneumoniae serovar 5b str. L20	unannotated	9	3	33.33	inf	0.123529	False
aeromonas_hydrophila_subsp_hydrophila_atcc_7966_gca_000014805	Aeromonas hydrophila subsp. hydrophila ATCC 7966	with_signal_peptide	0	0				
aeromonas_hydrophila_subsp_hydrophila_atcc_7966_gca_000014805	Aeromonas hydrophila subsp. hydrophila ATCC 7966	without_signal_peptide	0	0				
aeromonas_hydrophila_subsp_hydrophila_atcc_7966_gca_000014805	Aeromonas hydrophila subsp. hydrophila ATCC 7966	unannotated	53	12	22.64	7.317	0.004359	True
agrobacterium_fabrum_str_c58_gca_000092025	Agrobacterium fabrum str. C58	with_signal_peptide	0	0				
agrobacterium_fabrum_str_c58_gca_000092025	Agrobacterium fabrum str. C58	without_signal_peptide	0	0				
agrobacterium_fabrum_str_c58_gca_000092025	Agrobacterium fabrum str. C58	unannotated	40	4	10.0	2.111	0.33758	False
aliivibrio_fischeri_es114_gca_000011805	Aliivibrio fischeri ES114	with_signal_peptide	0	0				
aliivibrio_fischeri_es114_gca_000011805	Aliivibrio fischeri ES114	without_signal_peptide	0	0				
aliivibrio_fischeri_es114_gca_000011805	Aliivibrio fischeri ES114	unannotated	39	4	10.26	4.229	0.187333	False
anaplasma_phagocytophilum_str_hz_gca_000013125	Anaplasma phagocytophilum str. HZ	with_signal_peptide	0	0				
anaplasma_phagocytophilum_str_hz_gca_000013125	Anaplasma phagocytophilum str. HZ	without_signal_peptide	0	0				
anaplasma_phagocytophilum_str_hz_gca_000013125	Anaplasma phagocytophilum str. HZ	unannotated	5	0	0.0		1.0	False
aquifex_aeolicus	Aquifex aeolicus	with_signal_peptide	0	0				
aquifex_aeolicus	Aquifex aeolicus	without_signal_peptide	0	0				
aquifex_aeolicus	Aquifex aeolicus	unannotated	15	5	33.33	inf	0.025287	True
azotobacter_vinelandii_dj_gca_000021045	Azotobacter vinelandii DJ	with_signal_peptide	0	0				
azotobacter_vinelandii_dj_gca_000021045	Azotobacter vinelandii DJ	without_signal_peptide	0	0				
azotobacter_vinelandii_dj_gca_000021045	Azotobacter vinelandii DJ	unannotated	39	6	15.38	6.727	0.057951	False
bacillus_subtilis	Bacillus subtilis	with_signal_peptide	6	2	33.33	inf	0.272727	False
bacillus_subtilis	Bacillus subtilis	without_signal_peptide	23	0	0.0	0.0	1.0	False
bacillus_subtilis	Bacillus subtilis	unannotated	0	0				
bacteroides_thetaiotaomicron_vpi_5482_gca_000011065	Bacteroides thetaiotaomicron VPI-5482	with_signal_peptide	0	0				
bacteroides_thetaiotaomicron_vpi_5482_gca_000011065	Bacteroides thetaiotaomicron VPI-5482	without_signal_peptide	0	0				
bacteroides_thetaiotaomicron_vpi_5482_gca_000011065	Bacteroides thetaiotaomicron VPI-5482	unannotated	49	14	28.57	9.2	0.00106	True
bartonella_henselae_str_houston_1_gca_000046705	Bartonella henselae str. Houston-1	with_signal_peptide	0	0				
bartonella_henselae_str_houston_1_gca_000046705	Bartonella henselae str. Houston-1	without_signal_peptide	0	0				
bartonella_henselae_str_houston_1_gca_000046705	Bartonella henselae str. Houston-1	unannotated	15	1	6.67	inf	0.517241	False
bifidobacterium_longum_ncc2705_gca_000007525	Bifidobacterium longum NCC2705	with_signal_peptide	0	0				
bifidobacterium_longum_ncc2705_gca_000007525	Bifidobacterium longum NCC2705	without_signal_peptide	0	0				
bifidobacterium_longum_ncc2705_gca_000007525	Bifidobacterium longum NCC2705	unannotated	24	2	8.33	2.0	0.516312	False
borrelia_burgdorferi	Borrelia burgdorferi	with_signal_peptide	1	0	0.0		1.0	False
borrelia_burgdorferi	Borrelia burgdorferi	without_signal_peptide	5	1	20.0	inf	0.555556	False
borrelia_burgdorferi	Borrelia burgdorferi	unannotated	0	0				
borreliella_burgdorferi_b31_gca_000008685	Borreliella burgdorferi B31	with_signal_peptide	0	0				
borreliella_burgdorferi_b31_gca_000008685	Borreliella burgdorferi B31	without_signal_peptide	0	0				
borreliella_burgdorferi_b31_gca_000008685	Borreliella burgdorferi B31	unannotated	6	1	16.67	inf	0.545455	False
bradyrhizobium_diazoefficiens_usda_110_gca_000011365	Bradyrhizobium diazoefficiens USDA 110	with_signal_peptide	0	0				
bradyrhizobium_diazoefficiens_usda_110_gca_000011365	Bradyrhizobium diazoefficiens USDA 110	without_signal_peptide	0	0				
bradyrhizobium_diazoefficiens_usda_110_gca_000011365	Bradyrhizobium diazoefficiens USDA 110	unannotated	79	9	11.39	3.214	0.068162	False
brucella_abortus_bv_1_str_9_941_gca_000008145	Brucella abortus bv. 1 str. 9-941	with_signal_peptide	0	0				
brucella_abortus_bv_1_str_9_941_gca_000008145	Brucella abortus bv. 1 str. 9-941	without_signal_peptide	0	0				
brucella_abortus_bv_1_str_9_941_gca_000008145	Brucella abortus bv. 1 str. 9-941	unannotated	23	2	8.7	2.0	0.517054	False
buchnera_aphidicola_str_aps_acyrthosiphon_pisum__gca_000009605	Buchnera aphidicola str. APS	with_signal_peptide	0	0				
buchnera_aphidicola_str_aps_acyrthosiphon_pisum__gca_000009605	Buchnera aphidicola str. APS	without_signal_peptide	0	0				
buchnera_aphidicola_str_aps_acyrthosiphon_pisum__gca_000009605	Buchnera aphidicola str. APS	unannotated	3	0	0.0		1.0	False
burkholderia_pseudomallei_1710b_gca_000012785	Burkholderia pseudomallei 1710b	with_signal_peptide	0	0				
burkholderia_pseudomallei_1710b_gca_000012785	Burkholderia pseudomallei 1710b	without_signal_peptide	0	0				
burkholderia_pseudomallei_1710b_gca_000012785	Burkholderia pseudomallei 1710b	unannotated	70	13	18.57	5.018	0.007909	True
campylobacter_jejuni_subsp_jejuni_nctc_11168_atcc_700819_gca_000009085	Campylobacter jejuni subsp. jejuni NCTC 11168 = ATCC 700819	with_signal_peptide	0	0				
campylobacter_jejuni_subsp_jejuni_nctc_11168_atcc_700819_gca_000009085	Campylobacter jejuni subsp. jejuni NCTC 11168 = ATCC 700819	without_signal_peptide	0	0				
campylobacter_jejuni_subsp_jejuni_nctc_11168_atcc_700819_gca_000009085	Campylobacter jejuni subsp. jejuni NCTC 11168 = ATCC 700819	unannotated	10	4	40.0	inf	0.05418	False
candidatus_koribacter_versatilis_ellin345_gca_000014005	Candidatus Koribacter versatilis Ellin345	with_signal_peptide	0	0				
candidatus_koribacter_versatilis_ellin345_gca_000014005	Candidatus Koribacter versatilis Ellin345	without_signal_peptide	0	0				
candidatus_koribacter_versatilis_ellin345_gca_000014005	Candidatus Koribacter versatilis Ellin345	unannotated	67	9	13.43	3.259	0.067241	False
caulobacter_crescentus	Caulobacter crescentus	with_signal_peptide	5	0	0.0		1.0	False
caulobacter_crescentus	Caulobacter crescentus	without_signal_peptide	25	2	8.0	2.0	0.515632	False
caulobacter_crescentus	Caulobacter crescentus	unannotated	0	0				
caulobacter_vibrioides_cb15_gca_000006905	Caulobacter vibrioides CB15	with_signal_peptide	0	0				
caulobacter_vibrioides_cb15_gca_000006905	Caulobacter vibrioides CB15	without_signal_peptide	0	0				
caulobacter_vibrioides_cb15_gca_000006905	Caulobacter vibrioides CB15	unannotated	30	2	6.67	2.0	0.512935	False
chlamydia_trachomatis_d_uw_3_cx_gca_000008725	Chlamydia trachomatis D/UW-3/CX	with_signal_peptide	0	0				
chlamydia_trachomatis_d_uw_3_cx_gca_000008725	Chlamydia trachomatis D/UW-3/CX	without_signal_peptide	0	0				
chlamydia_trachomatis_d_uw_3_cx_gca_000008725	Chlamydia trachomatis D/UW-3/CX	unannotated	15	0	0.0		1.0	False
chlorobaculum_tepidum_tls_gca_000006985	Chlorobaculum tepidum TLS	with_signal_peptide	0	0				
chlorobaculum_tepidum_tls_gca_000006985	Chlorobaculum tepidum TLS	without_signal_peptide	0	0				
chlorobaculum_tepidum_tls_gca_000006985	Chlorobaculum tepidum TLS	unannotated	13	0	0.0		1.0	False
chloroflexus_aurantiacus_j_10_fl_gca_000018865	Chloroflexus aurantiacus J-10-fl	with_signal_peptide	0	0				
chloroflexus_aurantiacus_j_10_fl_gca_000018865	Chloroflexus aurantiacus J-10-fl	without_signal_peptide	0	0				
chloroflexus_aurantiacus_j_10_fl_gca_000018865	Chloroflexus aurantiacus J-10-fl	unannotated	52	14	26.92	9.026	0.001111	True
clostridioides_difficile	Clostridioides difficile	with_signal_peptide	1	0	0.0		1.0	False
clostridioides_difficile	Clostridioides difficile	without_signal_peptide	25	2	8.0	2.0	0.515632	False
clostridioides_difficile	Clostridioides difficile	unannotated	0	0				
coxiella_burnetii_rsa_493_gca_000007765	Coxiella burnetii RSA 493	with_signal_peptide	0	0				
coxiella_burnetii_rsa_493_gca_000007765	Coxiella burnetii RSA 493	without_signal_peptide	0	0				
coxiella_burnetii_rsa_493_gca_000007765	Coxiella burnetii RSA 493	unannotated	9	2	22.22	inf	0.264706	False
cutibacterium_acnes_kpa171202_gca_000008345	Cutibacterium acnes KPA171202	with_signal_peptide	0	0				
cutibacterium_acnes_kpa171202_gca_000008345	Cutibacterium acnes KPA171202	without_signal_peptide	0	0				
cutibacterium_acnes_kpa171202_gca_000008345	Cutibacterium acnes KPA171202	unannotated	20	3	15.0	3.353	0.302495	False
deinococcus_radiodurans	Deinococcus radiodurans	with_signal_peptide	6	2	33.33	inf	0.272727	False
deinococcus_radiodurans	Deinococcus radiodurans	without_signal_peptide	32	8	25.0	10.0	0.014962	True
deinococcus_radiodurans	Deinococcus radiodurans	unannotated	0	0				
desulfovibrio_vulgaris_str_hildenborough_gca_000195755	Desulfovibrio vulgaris str. Hildenborough	with_signal_peptide	0	0				
desulfovibrio_vulgaris_str_hildenborough_gca_000195755	Desulfovibrio vulgaris str. Hildenborough	without_signal_peptide	0	0				
desulfovibrio_vulgaris_str_hildenborough_gca_000195755	Desulfovibrio vulgaris str. Hildenborough	unannotated	33	5	15.15	5.536	0.105356	False
dictyoglomus_turgidum_dsm_6724_gca_000021645	Dictyoglomus turgidum DSM 6724	with_signal_peptide	0	0				
dictyoglomus_turgidum_dsm_6724_gca_000021645	Dictyoglomus turgidum DSM 6724	without_signal_peptide	0	0				
dictyoglomus_turgidum_dsm_6724_gca_000021645	Dictyoglomus turgidum DSM 6724	unannotated	12	2	16.67	inf	0.26087	False
enterobacter_cloacae_subsp_cloacae_atcc_13047_gca_000025565	Enterobacter cloacae subsp. cloacae ATCC 13047	with_signal_peptide	0	0				
enterobacter_cloacae_subsp_cloacae_atcc_13047_gca_000025565	Enterobacter cloacae subsp. cloacae ATCC 13047	without_signal_peptide	0	0				
enterobacter_cloacae_subsp_cloacae_atcc_13047_gca_000025565	Enterobacter cloacae subsp. cloacae ATCC 13047	unannotated	34	1	2.94	0.97	0.761194	False
enterococcus_faecalis_v583_gca_000007785	Enterococcus faecalis V583	with_signal_peptide	0	0				
enterococcus_faecalis_v583_gca_000007785	Enterococcus faecalis V583	without_signal_peptide	0	0				
enterococcus_faecalis_v583_gca_000007785	Enterococcus faecalis V583	unannotated	24	2	8.33	2.0	0.516312	False
escherichia_coli_k12	Escherichia coli K12	with_signal_peptide	3	1	33.33	inf	0.6	False
escherichia_coli_k12	Escherichia coli K12	without_signal_peptide	23	2	8.7	2.0	0.517054	False
escherichia_coli_k12	Escherichia coli K12	unannotated	0	0				
flavobacterium_psychrophilum_jip02_86_gca_000064305	Flavobacterium psychrophilum JIP02/86	with_signal_peptide	0	0				
flavobacterium_psychrophilum_jip02_86_gca_000064305	Flavobacterium psychrophilum JIP02/86	without_signal_peptide	0	0				
flavobacterium_psychrophilum_jip02_86_gca_000064305	Flavobacterium psychrophilum JIP02/86	unannotated	10	0	0.0		1.0	False
francisella_tularensis_subsp_tularensis_schu_s4_gca_000008985	Francisella tularensis subsp. tularensis SCHU S4 str. Schu S4	with_signal_peptide	0	0				
francisella_tularensis_subsp_tularensis_schu_s4_gca_000008985	Francisella tularensis subsp. tularensis SCHU S4 str. Schu S4	without_signal_peptide	0	0				
francisella_tularensis_subsp_tularensis_schu_s4_gca_000008985	Francisella tularensis subsp. tularensis SCHU S4 str. Schu S4	unannotated	12	2	16.67	inf	0.26087	False
fusobacterium_nucleatum_subsp_nucleatum_atcc_25586_gca_000007325	Fusobacterium nucleatum subsp. nucleatum ATCC 25586	with_signal_peptide	0	0				
fusobacterium_nucleatum_subsp_nucleatum_atcc_25586_gca_000007325	Fusobacterium nucleatum subsp. nucleatum ATCC 25586	without_signal_peptide	0	0				
fusobacterium_nucleatum_subsp_nucleatum_atcc_25586_gca_000007325	Fusobacterium nucleatum subsp. nucleatum ATCC 25586	unannotated	12	2	16.67	inf	0.26087	False
gardnerella_vaginalis_0288e_gca_000263555	Gardnerella vaginalis 0288E	with_signal_peptide	0	0				
gardnerella_vaginalis_0288e_gca_000263555	Gardnerella vaginalis 0288E	without_signal_peptide	0	0				
gardnerella_vaginalis_0288e_gca_000263555	Gardnerella vaginalis 0288E	unannotated	9	2	22.22	inf	0.264706	False
geobacter_sulfurreducens_pca_gca_000007985	Geobacter sulfurreducens PCA	with_signal_peptide	0	0				
geobacter_sulfurreducens_pca_gca_000007985	Geobacter sulfurreducens PCA	without_signal_peptide	0	0				
geobacter_sulfurreducens_pca_gca_000007985	Geobacter sulfurreducens PCA	unannotated	32	7	21.88	8.4	0.029657	True
gloeobacter_violaceus_pcc_7421_gca_000011385	Gloeobacter violaceus PCC 7421	with_signal_peptide	0	0				
gloeobacter_violaceus_pcc_7421_gca_000011385	Gloeobacter violaceus PCC 7421	without_signal_peptide	0	0				
gloeobacter_violaceus_pcc_7421_gca_000011385	Gloeobacter violaceus PCC 7421	unannotated	54	4	7.41	2.04	0.348173	False
haemophilus_influenzae_rd_kw20_gca_000027305	Haemophilus influenzae Rd KW20	with_signal_peptide	0	0				
haemophilus_influenzae_rd_kw20_gca_000027305	Haemophilus influenzae Rd KW20	without_signal_peptide	0	0				
haemophilus_influenzae_rd_kw20_gca_000027305	Haemophilus influenzae Rd KW20	unannotated	6	0	0.0		1.0	False
helicobacter_pylori_26695_gca_000008525	Helicobacter pylori 26695	with_signal_peptide	0	0				
helicobacter_pylori_26695_gca_000008525	Helicobacter pylori 26695	without_signal_peptide	0	0				
helicobacter_pylori_26695_gca_000008525	Helicobacter pylori 26695	unannotated	8	0	0.0		1.0	False
klebsiella_pneumoniae_subsp_pneumoniae_mgh_78578_gca_000016305	Klebsiella pneumoniae subsp. pneumoniae MGH 78578	with_signal_peptide	0	0				
klebsiella_pneumoniae_subsp_pneumoniae_mgh_78578_gca_000016305	Klebsiella pneumoniae subsp. pneumoniae MGH 78578	without_signal_peptide	0	0				
klebsiella_pneumoniae_subsp_pneumoniae_mgh_78578_gca_000016305	Klebsiella pneumoniae subsp. pneumoniae MGH 78578	unannotated	49	7	14.29	3.833	0.084384	False
lactobacillus_plantarum_wcfs1_gca_000203855	Lactobacillus plantarum WCFS1	with_signal_peptide	0	0				
lactobacillus_plantarum_wcfs1_gca_000203855	Lactobacillus plantarum WCFS1	without_signal_peptide	0	0				
lactobacillus_plantarum_wcfs1_gca_000203855	Lactobacillus plantarum WCFS1	unannotated	26	1	3.85	0.96	0.764706	False
lactococcus_lactis_subsp_lactis_il1403_gca_000006865	Lactococcus lactis subsp. lactis Il1403	with_signal_peptide	0	0				
lactococcus_lactis_subsp_lactis_il1403_gca_000006865	Lactococcus lactis subsp. lactis Il1403	without_signal_peptide	0	0				
lactococcus_lactis_subsp_lactis_il1403_gca_000006865	Lactococcus lactis subsp. lactis Il1403	unannotated	13	1	7.69	inf	0.52	False
leptospira_interrogans_serovar_lai_str_56601_gca_000092565	Leptospira interrogans serovar Lai str. 56601	with_signal_peptide	0	0				
leptospira_interrogans_serovar_lai_str_56601_gca_000092565	Leptospira interrogans serovar Lai str. 56601	without_signal_peptide	0	0				
leptospira_interrogans_serovar_lai_str_56601_gca_000092565	Leptospira interrogans serovar Lai str. 56601	unannotated	30	2	6.67	2.0	0.512935	False
leuconostoc_mesenteroides_subsp_mesenteroides_atcc_8293_gca_000014445	Leuconostoc mesenteroides subsp. mesenteroides ATCC 8293	with_signal_peptide	0	0				
leuconostoc_mesenteroides_subsp_mesenteroides_atcc_8293_gca_000014445	Leuconostoc mesenteroides subsp. mesenteroides ATCC 8293	without_signal_peptide	0	0				
leuconostoc_mesenteroides_subsp_mesenteroides_atcc_8293_gca_000014445	Leuconostoc mesenteroides subsp. mesenteroides ATCC 8293	unannotated	13	1	7.69	inf	0.52	False
listeria_monocytogenes_egd_e_gca_000196035	Listeria monocytogenes EGD-e	with_signal_peptide	0	0				
listeria_monocytogenes_egd_e_gca_000196035	Listeria monocytogenes EGD-e	without_signal_peptide	0	0				
listeria_monocytogenes_egd_e_gca_000196035	Listeria monocytogenes EGD-e	unannotated	25	3	12.0	3.136	0.320234	False
lysinibacillus_sphaericus_c3_41_gca_000017965	Lysinibacillus sphaericus C3-41	with_signal_peptide	0	0				
lysinibacillus_sphaericus_c3_41_gca_000017965	Lysinibacillus sphaericus C3-41	without_signal_peptide	0	0				
lysinibacillus_sphaericus_c3_41_gca_000017965	Lysinibacillus sphaericus C3-41	unannotated	35	4	11.43	4.258	0.187291	False
mesoplasma_florum_l1_gca_000008305	Mesoplasma florum L1	with_signal_peptide	0	0				
mesoplasma_florum_l1_gca_000008305	Mesoplasma florum L1	without_signal_peptide	0	0				
mesoplasma_florum_l1_gca_000008305	Mesoplasma florum L1	unannotated	3	0	0.0		1.0	False
micrococcus_luteus_nctc_2665_gca_000023205	Micrococcus luteus NCTC 2665	with_signal_peptide	0	0				
micrococcus_luteus_nctc_2665_gca_000023205	Micrococcus luteus NCTC 2665	without_signal_peptide	0	0				
micrococcus_luteus_nctc_2665_gca_000023205	Micrococcus luteus NCTC 2665	unannotated	20	4	20.0	4.75	0.170825	False
microcystis_aeruginosa_nies_843_gca_000010625	Microcystis aeruginosa NIES-843	with_signal_peptide	0	0				
microcystis_aeruginosa_nies_843_gca_000010625	Microcystis aeruginosa NIES-843	without_signal_peptide	0	0				
microcystis_aeruginosa_nies_843_gca_000010625	Microcystis aeruginosa NIES-843	unannotated	66	3	4.55	0.984	0.667181	False
moorella_thermoacetica_atcc_39073_gca_000013105	Moorella thermoacetica ATCC 39073	with_signal_peptide	0	0				
moorella_thermoacetica_atcc_39073_gca_000013105	Moorella thermoacetica ATCC 39073	without_signal_peptide	0	0				
moorella_thermoacetica_atcc_39073_gca_000013105	Moorella thermoacetica ATCC 39073	unannotated	25	5	20.0	5.75	0.10385	False
mycobacterium_tuberculosis	Mycobacterium tuberculosis	with_signal_peptide	6	1	16.67	inf	0.545455	False
mycobacterium_tuberculosis	Mycobacterium tuberculosis	without_signal_peptide	36	4	11.11	4.25	0.187303	False
mycobacterium_tuberculosis	Mycobacterium tuberculosis	unannotated	0	0				
mycoplasma_pneumoniae_m129_gca_000027345	Mycoplasma pneumoniae M129	with_signal_peptide	0	0				
mycoplasma_pneumoniae_m129_gca_000027345	Mycoplasma pneumoniae M129	without_signal_peptide	0	0				
mycoplasma_pneumoniae_m129_gca_000027345	Mycoplasma pneumoniae M129	unannotated	6	0	0.0		1.0	False
myxococcus_xanthus_dk_1622_gca_000012685	Myxococcus xanthus DK 1622	with_signal_peptide	0	0				
myxococcus_xanthus_dk_1622_gca_000012685	Myxococcus xanthus DK 1622	without_signal_peptide	0	0				
myxococcus_xanthus_dk_1622_gca_000012685	Myxococcus xanthus DK 1622	unannotated	103	21	20.39	4.968	0.000686	True
neisseria_meningitidis_z2491_gca_000009105	Neisseria meningitidis Z2491	with_signal_peptide	0	0				
neisseria_meningitidis_z2491_gca_000009105	Neisseria meningitidis Z2491	without_signal_peptide	0	0				
neisseria_meningitidis_z2491_gca_000009105	Neisseria meningitidis Z2491	unannotated	12	2	16.67	inf	0.26087	False
nostoc_punctiforme_pcc_73102_gca_000020025	Nostoc punctiforme PCC 73102	with_signal_peptide	0	0				
nostoc_punctiforme_pcc_73102_gca_000020025	Nostoc punctiforme PCC 73102	without_signal_peptide	0	0				
nostoc_punctiforme_pcc_73102_gca_000020025	Nostoc punctiforme PCC 73102	unannotated	49	7	14.29	3.833	0.084384	False
paracoccus_denitrificans_pd1222_gca_000203895	Paracoccus denitrificans PD1222	with_signal_peptide	0	0				
paracoccus_denitrificans_pd1222_gca_000203895	Paracoccus denitrificans PD1222	without_signal_peptide	0	0				
paracoccus_denitrificans_pd1222_gca_000203895	Paracoccus denitrificans PD1222	unannotated	40	6	15.0	3.353	0.131663	False
pasteurella_multocida_subsp_multocida_str_pm70_gca_000006825	Pasteurella multocida subsp. multocida str. Pm70	with_signal_peptide	0	0				
pasteurella_multocida_subsp_multocida_str_pm70_gca_000006825	Pasteurella multocida subsp. multocida str. Pm70	without_signal_peptide	0	0				
pasteurella_multocida_subsp_multocida_str_pm70_gca_000006825	Pasteurella multocida subsp. multocida str. Pm70	unannotated	16	2	12.5	inf	0.258065	False
porphyromonas_gingivalis_w83_gca_000007585	Porphyromonas gingivalis W83	with_signal_peptide	0	0				
porphyromonas_gingivalis_w83_gca_000007585	Porphyromonas gingivalis W83	without_signal_peptide	0	0				
porphyromonas_gingivalis_w83_gca_000007585	Porphyromonas gingivalis W83	unannotated	23	3	13.04	3.15	0.32093	False
prochlorococcus_marinus_subsp_marinus_str_ccmp1375_gca_000007925	Prochlorococcus marinus subsp. marinus str. CCMP1375	with_signal_peptide	0	0				
prochlorococcus_marinus_subsp_marinus_str_ccmp1375_gca_000007925	Prochlorococcus marinus subsp. marinus str. CCMP1375	without_signal_peptide	0	0				
prochlorococcus_marinus_subsp_marinus_str_ccmp1375_gca_000007925	Prochlorococcus marinus subsp. marinus str. CCMP1375	unannotated	16	0	0.0		1.0	False
proteus_mirabilis_hi4320_gca_000069965	Proteus mirabilis HI4320	with_signal_peptide	0	0				
proteus_mirabilis_hi4320_gca_000069965	Proteus mirabilis HI4320	without_signal_peptide	0	0				
proteus_mirabilis_hi4320_gca_000069965	Proteus mirabilis HI4320	unannotated	32	3	9.38	3.103	0.318501	False
pseudomonas_aeruginosa	Pseudomonas aeruginosa	with_signal_peptide	8	2	25.0	inf	0.266667	False
pseudomonas_aeruginosa	Pseudomonas aeruginosa	without_signal_peptide	40	4	10.0	2.111	0.33758	False
pseudomonas_aeruginosa	Pseudomonas aeruginosa	unannotated	0	0				
ralstonia_solanacearum_gmi1000_gca_000009125	Ralstonia solanacearum GMI1000	with_signal_peptide	0	0				
ralstonia_solanacearum_gmi1000_gca_000009125	Ralstonia solanacearum GMI1000	without_signal_peptide	0	0				
ralstonia_solanacearum_gmi1000_gca_000009125	Ralstonia solanacearum GMI1000	unannotated	42	6	14.29	3.25	0.140092	False
rhizobium_leguminosarum_bv_viciae_3841_gca_000009265	Rhizobium leguminosarum bv. viciae 3841	with_signal_peptide	0	0				
rhizobium_leguminosarum_bv_viciae_3841_gca_000009265	Rhizobium leguminosarum bv. viciae 3841	without_signal_peptide	0	0				
rhizobium_leguminosarum_bv_viciae_3841_gca_000009265	Rhizobium leguminosarum bv. viciae 3841	unannotated	65	8	12.31	2.854	0.107917	False
rhodobacter_sphaeroides_2_4_1_gca_000012905	Rhodobacter sphaeroides 2.4.1	with_signal_peptide	0	0				
rhodobacter_sphaeroides_2_4_1_gca_000012905	Rhodobacter sphaeroides 2.4.1	without_signal_peptide	0	0				
rhodobacter_sphaeroides_2_4_1_gca_000012905	Rhodobacter sphaeroides 2.4.1	unannotated	35	2	5.71	2.0	0.511032	False
rhodopirellula_baltica_sh_1_gca_000196115	Rhodopirellula baltica SH 1	with_signal_peptide	0	0				
rhodopirellula_baltica_sh_1_gca_000196115	Rhodopirellula baltica SH 1	without_signal_peptide	0	0				
rhodopirellula_baltica_sh_1_gca_000196115	Rhodopirellula baltica SH 1	unannotated	100	7	7.0	1.43	0.383672	False
rhodospirillum_rubrum_atcc_11170_gca_000013085	Rhodospirillum rubrum ATCC 11170	with_signal_peptide	0	0				
rhodospirillum_rubrum_atcc_11170_gca_000013085	Rhodospirillum rubrum ATCC 11170	without_signal_peptide	0	0				
rhodospirillum_rubrum_atcc_11170_gca_000013085	Rhodospirillum rubrum ATCC 11170	unannotated	44	7	15.91	3.878	0.083704	False
rickettsia_prowazekii_str_madrid_e_gca_000195735	Rickettsia prowazekii str. Madrid E	with_signal_peptide	0	0				
rickettsia_prowazekii_str_madrid_e_gca_000195735	Rickettsia prowazekii str. Madrid E	without_signal_peptide	0	0				
rickettsia_prowazekii_str_madrid_e_gca_000195735	Rickettsia prowazekii str. Madrid E	unannotated	5	2	40.0	inf	0.277778	False
salinibacter_ruber_dsm_13855_gca_000013045	Salinibacter ruber DSM 13855	with_signal_peptide	0	0				
salinibacter_ruber_dsm_13855_gca_000013045	Salinibacter ruber DSM 13855	without_signal_peptide	0	0				
salinibacter_ruber_dsm_13855_gca_000013045	Salinibacter ruber DSM 13855	unannotated	41	13	31.71	8.821	0.001868	True
salmonella_typhimurium	Salmonella typhimurium	with_signal_peptide	0	0				
salmonella_typhimurium	Salmonella typhimurium	without_signal_peptide	0	0				
salmonella_typhimurium	Salmonella typhimurium	unannotated	30	3	10.0	3.111	0.318912	False
shigella_dysenteriae_sd197_gca_000012005	Shigella dysenteriae Sd197	with_signal_peptide	0	0				
shigella_dysenteriae_sd197_gca_000012005	Shigella dysenteriae Sd197	without_signal_peptide	0	0				
shigella_dysenteriae_sd197_gca_000012005	Shigella dysenteriae Sd197	unannotated	20	1	5.0	1.0	0.75641	False
sinorhizobium_meliloti_1021_gca_000006965	Sinorhizobium meliloti 1021	with_signal_peptide	0	0				
sinorhizobium_meliloti_1021_gca_000006965	Sinorhizobium meliloti 1021	without_signal_peptide	0	0				
sinorhizobium_meliloti_1021_gca_000006965	Sinorhizobium meliloti 1021	unannotated	65	8	12.31	2.854	0.107917	False
staphylococcus_aureus	Staphylococcus aureus	with_signal_peptide	3	1	33.33	inf	0.6	False
staphylococcus_aureus	Staphylococcus aureus	without_signal_peptide	18	1	5.56	inf	0.514286	False
staphylococcus_aureus	Staphylococcus aureus	unannotated	0	0				
stenotrophomonas_maltophilia_k279a_gca_000072485	Stenotrophomonas maltophilia K279a	with_signal_peptide	0	0				
stenotrophomonas_maltophilia_k279a_gca_000072485	Stenotrophomonas maltophilia K279a	without_signal_peptide	0	0				
stenotrophomonas_maltophilia_k279a_gca_000072485	Stenotrophomonas maltophilia K279a	unannotated	61	9	14.75	3.288	0.066636	False
streptococcus_pneumoniae	Streptococcus pneumoniae	with_signal_peptide	1	0	0.0		1.0	False
streptococcus_pneumoniae	Streptococcus pneumoniae	without_signal_peptide	8	1	12.5	inf	0.533333	False
streptococcus_pneumoniae	Streptococcus pneumoniae	unannotated	0	0				
streptomyces_avermitilis	Streptomyces avermitilis	with_signal_peptide	0	0				
streptomyces_avermitilis	Streptomyces avermitilis	without_signal_peptide	0	0				
streptomyces_avermitilis	Streptomyces avermitilis	unannotated	109	21	19.27	4.916	0.000712	True
streptomyces_coelicolor	Streptomyces coelicolor	with_signal_peptide	27	11	40.74	17.188	0.001336	True
streptomyces_coelicolor	Streptomyces coelicolor	without_signal_peptide	98	21	21.43	6.341	0.000223	True
streptomyces_coelicolor	Streptomyces coelicolor	unannotated	0	0				
streptomyces_griseus	Streptomyces griseus	with_signal_peptide	16	9	56.25	inf	0.000567	True
streptomyces_griseus	Streptomyces griseus	without_signal_peptide	73	13	17.81	4.983	0.008018	True
streptomyces_griseus	Streptomyces griseus	unannotated	0	0				
synechocystis_pcc6803	Synechocystis sp. PCC 6803	with_signal_peptide	0	0				
synechocystis_pcc6803	Synechocystis sp. PCC 6803	without_signal_peptide	0	0				
synechocystis_pcc6803	Synechocystis sp. PCC 6803	unannotated	26	3	11.54	3.13	0.319928	False
thermanaerovibrio_acidaminovorans_dsm_6589_gca_000024905	Thermanaerovibrio acidaminovorans DSM 6589	with_signal_peptide	0	0				
thermanaerovibrio_acidaminovorans_dsm_6589_gca_000024905	Thermanaerovibrio acidaminovorans DSM 6589	without_signal_peptide	0	0				
thermanaerovibrio_acidaminovorans_dsm_6589_gca_000024905	Thermanaerovibrio acidaminovorans DSM 6589	unannotated	14	5	35.71	inf	0.024799	True
thermodesulfovibrio_yellowstonii_dsm_11347_gca_000020985	Thermodesulfovibrio yellowstonii DSM 11347	with_signal_peptide	0	0				
thermodesulfovibrio_yellowstonii_dsm_11347_gca_000020985	Thermodesulfovibrio yellowstonii DSM 11347	without_signal_peptide	0	0				
thermodesulfovibrio_yellowstonii_dsm_11347_gca_000020985	Thermodesulfovibrio yellowstonii DSM 11347	unannotated	11	5	45.45	inf	0.022704	True
thermosynechococcus_elongatus_bp_1_gca_000011345	Thermosynechococcus elongatus BP-1	with_signal_peptide	0	0				
thermosynechococcus_elongatus_bp_1_gca_000011345	Thermosynechococcus elongatus BP-1	without_signal_peptide	0	0				
thermosynechococcus_elongatus_bp_1_gca_000011345	Thermosynechococcus elongatus BP-1	unannotated	31	5	16.13	5.577	0.105062	False
thermotoga_maritima	Thermotoga maritima	with_signal_peptide	1	0	0.0		1.0	False
thermotoga_maritima	Thermotoga maritima	without_signal_peptide	11	1	9.09	inf	0.52381	False
thermotoga_maritima	Thermotoga maritima	unannotated	0	0				
thermus_thermophilus	Thermus thermophilus HB8	with_signal_peptide	0	0				
thermus_thermophilus	Thermus thermophilus HB8	without_signal_peptide	0	0				
thermus_thermophilus	Thermus thermophilus HB8	unannotated	20	4	20.0	4.75	0.170825	False
treponema_pallidum	Treponema pallidum	with_signal_peptide	1	0	0.0		1.0	False
treponema_pallidum	Treponema pallidum	without_signal_peptide	8	2	25.0	inf	0.266667	False
treponema_pallidum	Treponema pallidum	unannotated	0	0				
ureaplasma_parvum_serovar_3_str_atcc_700970_gca_000006625	Ureaplasma parvum serovar 3 str. ATCC 700970	with_signal_peptide	0	0				
ureaplasma_parvum_serovar_3_str_atcc_700970_gca_000006625	Ureaplasma parvum serovar 3 str. ATCC 700970	without_signal_peptide	0	0				
ureaplasma_parvum_serovar_3_str_atcc_700970_gca_000006625	Ureaplasma parvum serovar 3 str. ATCC 700970	unannotated	5	0	0.0		1.0	False
vibrio_cholerae_o1_biovar_el_tor_str_n16961_gca_000006745	Vibrio cholerae O1 biovar El Tor str. N16961	with_signal_peptide	0	0				
vibrio_cholerae_o1_biovar_el_tor_str_n16961_gca_000006745	Vibrio cholerae O1 biovar El Tor str. N16961	without_signal_peptide	0	0				
vibrio_cholerae_o1_biovar_el_tor_str_n16961_gca_000006745	Vibrio cholerae O1 biovar El Tor str. N16961	unannotated	22	2	9.09	2.0	0.517867	False
wolbachia_endosymbiont_of_drosophila_melanogaster_gca_000008025	Wolbachia endosymbiont of Drosophila melanogaster	with_signal_peptide	0	0				
wolbachia_endosymbiont_of_drosophila_melanogaster_gca_000008025	Wolbachia endosymbiont of Drosophila melanogaster	without_signal_peptide	0	0				
wolbachia_endosymbiont_of_drosophila_melanogaster_gca_000008025	Wolbachia endosymbiont of Drosophila melanogaster	unannotated	4	0	0.0		1.0	False
xanthomonas_campestris_pv_campestris_str_atcc_33913_gca_000007145	Xanthomonas campestris pv. campestris str. ATCC 33913	with_signal_peptide	0	0				
xanthomonas_campestris_pv_campestris_str_atcc_33913_gca_000007145	Xanthomonas campestris pv. campestris str. ATCC 33913	without_signal_peptide	0	0				
xanthomonas_campestris_pv_campestris_str_atcc_33913_gca_000007145	Xanthomonas campestris pv. campestris str. ATCC 33913	unannotated	59	11	18.64	6.417	0.008588	True
yersinia_pestis_biovar_microtus_str_91001_gca_000007885	Yersinia pestis biovar Microtus str. 91001	with_signal_peptide	0	0				
yersinia_pestis_biovar_microtus_str_91001_gca_000007885	Yersinia pestis biovar Microtus str. 91001	without_signal_peptide	0	0				
yersinia_pestis_biovar_microtus_str_91001_gca_000007885	Yersinia pestis biovar Microtus str. 91001	unannotated	22	7	31.82	9.333	0.026903	True
