taxon_id	domain	phylum
100226	Bacteria	Bacteria
1010633	Non-metazoan Eukaryota	Viridiplantae
10195	Metazoa	Rotifera
10224	Metazoa	Hemichordata
10228	Metazoa	Placozoa
103372	Metazoa	Insecta
1035111	Metazoa	Insecta
1035514	Non-metazoan Eukaryota	Apicomplexa
103775	Metazoa	Insecta
1041015	Metazoa	Insecta
104421	Metazoa	Insecta
104688	Metazoa	Insecta
104782	Metazoa	Rotifera
105785	Metazoa	Insecta
1076696	Non-metazoan Eukaryota	Amoebozoa
107806	Bacteria	Bacteria
1086592	Metazoa	Insecta
108931	Metazoa	Insecta
1093141	Non-metazoan Eukaryota	Protist
109376	Non-metazoan Eukaryota	Viridiplantae
109461	Metazoa	Chelicerata
110365	Non-metazoan Eukaryota	Apicomplexa
110368	Metazoa	Insecta
110835	Non-metazoan Eukaryota	Viridiplantae
1120755	Non-metazoan Eukaryota	Apicomplexa
112090	Non-metazoan Eukaryota	Oomycota
112268	Metazoa	Insecta
113334	Metazoa	Insecta
114398	Metazoa	Chelicerata
1144522	Non-metazoan Eukaryota	Metamonada
1148	Bacteria	Bacteria
1156394	Non-metazoan Eukaryota	Oomycota
116153	Metazoa	Insecta
1163345	Metazoa	Insecta
1163346	Metazoa	Insecta
117008	Non-metazoan Eukaryota	Apicomplexa
1172189	Non-metazoan Eukaryota	Ciliophora
1195612	Non-metazoan Eukaryota	Cryptophyta
120202	Metazoa	Crustacea
1202772	Non-metazoan Eukaryota	Oomycota
121224	Metazoa	Insecta
1218281	Metazoa	Insecta
121845	Metazoa	Insecta
1223555	Non-metazoan Eukaryota	Oomycota
1223556	Non-metazoan Eukaryota	Oomycota
1223557	Non-metazoan Eukaryota	Oomycota
1223558	Non-metazoan Eukaryota	Oomycota
1223560	Non-metazoan Eukaryota	Oomycota
122587	Bacteria	Bacteria
1226616	Metazoa	Insecta
1232801	Metazoa	Crustacea
1237626	Non-metazoan Eukaryota	Apicomplexa
1254522	Non-metazoan Eukaryota	Oomycota
1257118	Non-metazoan Eukaryota	Amoebozoa
125945	Metazoa	Insecta
126957	Metazoa	Myriapoda
1271730	Metazoa	Insecta
1271742	Metazoa	Insecta
1284355	Non-metazoan Eukaryota	Oomycota
129105	Metazoa	Insecta
1294199	Metazoa	Crustacea
12957	Metazoa	Insecta
12968	Non-metazoan Eukaryota	Protist
130081	Non-metazoan Eukaryota	Rhodophyta
13037	Metazoa	Insecta
13093	Metazoa	Cnidaria
1314962	Non-metazoan Eukaryota	Euglenozoa
1317065	Non-metazoan Eukaryota	Oomycota
13191	Metazoa	Insecta
13204	Metazoa	Insecta
132113	Metazoa	Insecta
13249	Metazoa	Insecta
133065	Metazoa	Insecta
13333	Non-metazoan Eukaryota	Viridiplantae
133434	Metazoa	Echinodermata
13451	Non-metazoan Eukaryota	Viridiplantae
135651	Metazoa	Nematoda
13599	Metazoa	Mollusca
136037	Metazoa	Insecta
13632	Metazoa	Insecta
13686	Metazoa	Insecta
138298	Non-metazoan Eukaryota	Apicomplexa
139456	Metazoa	Crustacea
139649	Metazoa	Insecta
139723	Metazoa	Insecta
141832	Metazoa	Acanthocephala
143948	Metazoa	Insecta
143950	Metazoa	Insecta
143995	Metazoa	Insecta
144034	Metazoa	Insecta
144406	Metazoa	Insecta
146531	Non-metazoan Eukaryota	Viridiplantae
146534	Non-metazoan Eukaryota	Viridiplantae
1486046	Metazoa	Insecta
1504633	Non-metazoan Eukaryota	Viridiplantae
151771	Metazoa	Cnidaria
1518534	Metazoa	Insecta
1529436	Metazoa	Echinodermata
15368	Non-metazoan Eukaryota	Viridiplantae
1537102	Non-metazoan Eukaryota	Apicomplexa
1551368	Metazoa	Myriapoda
157072	Non-metazoan Eukaryota	Oomycota
157538	Non-metazoan Eukaryota	Euglenozoa
158383	Non-metazoan Eukaryota	Viridiplantae
158441	Metazoa	Collembola
1590841	Non-metazoan Eukaryota	Viridiplantae
159736	Metazoa	Crustacea
159749	Non-metazoan Eukaryota	Bacillariophyta
161013	Metazoa	Insecta
163164	Bacteria	Bacteria
163373	Metazoa	Platyhelminthes
164328	Non-metazoan Eukaryota	Oomycota
165561	Metazoa	Insecta
166361	Metazoa	Insecta
167539	Bacteria	Bacteria
1686743	Metazoa	Chelicerata
169963	Bacteria	Bacteria
171101	Bacteria	Bacteria
1735272	Metazoa	Mollusca
174621	Metazoa	Insecta
174628	Metazoa	Insecta
176299	Bacteria	Bacteria
177416	Bacteria	Bacteria
178035	Metazoa	Insecta
178306	Archaea	Archaea
179676	Metazoa	Insecta
1813537	Non-metazoan Eukaryota	Viridiplantae
183589	Non-metazoan Eukaryota	Bacillariophyta
184922	Non-metazoan Eukaryota	Metamonada
185431	Non-metazoan Eukaryota	Euglenozoa
187420	Archaea	Archaea
188937	Archaea	Archaea
1890364	Non-metazoan Eukaryota	Amoebozoa
189513	Metazoa	Insecta
189518	Bacteria	Bacteria
189622	Non-metazoan Eukaryota	Apicomplexa
190192	Archaea	Archaea
190304	Bacteria	Bacteria
190385	Metazoa	Insecta
190485	Bacteria	Bacteria
190650	Bacteria	Bacteria
192222	Bacteria	Bacteria
194439	Bacteria	Bacteria
1965070	Metazoa	Chelicerata
197043	Metazoa	Insecta
197161	Metazoa	Insecta
197179	Metazoa	Insecta
197221	Bacteria	Bacteria
198719	Metazoa	Insecta
199890	Metazoa	Insecta
200361	Non-metazoan Eukaryota	Viridiplantae
2015173	Metazoa	Insecta
2023355	Metazoa	Insecta
202533	Metazoa	Chelicerata
203120	Bacteria	Bacteria
204669	Bacteria	Bacteria
206672	Bacteria	Bacteria
2072580	Metazoa	Tardigrada
208452	Non-metazoan Eukaryota	Apicomplexa
208964	Bacteria	Bacteria
210143	Non-metazoan Eukaryota	Viridiplantae
210225	Non-metazoan Eukaryota	Viridiplantae
210409	Metazoa	Crustacea
212042	Bacteria	Bacteria
214684	Non-metazoan Eukaryota	Fungi
214687	Non-metazoan Eukaryota	Viridiplantae
216596	Bacteria	Bacteria
217634	Metazoa	Insecta
218467	Metazoa	Chelicerata
220668	Bacteria	Bacteria
222816	Metazoa	Insecta
223615	Non-metazoan Eukaryota	Euglenozoa
224129	Metazoa	Insecta
224308	Bacteria	Bacteria
224324	Bacteria	Bacteria
224325	Archaea	Archaea
224326	Bacteria	Bacteria
224911	Bacteria	Bacteria
225164	Metazoa	Mollusca
226185	Bacteria	Bacteria
226186	Bacteria	Bacteria
227321	Non-metazoan Eukaryota	Fungi
227377	Bacteria	Bacteria
227882	Bacteria	Bacteria
228908	Archaea	Archaea
229193	Bacteria	Bacteria
2315210	Non-metazoan Eukaryota	Protist
231887	Metazoa	Insecta
235443	Non-metazoan Eukaryota	Fungi
237561	Non-metazoan Eukaryota	Fungi
242619	Bacteria	Bacteria
243090	Bacteria	Bacteria
243230	Bacteria	Bacteria
243231	Bacteria	Bacteria
243232	Archaea	Archaea
243274	Bacteria	Bacteria
243276	Bacteria	Bacteria
243277	Bacteria	Bacteria
246197	Bacteria	Bacteria
246409	Non-metazoan Eukaryota	Fungi
2483409	Non-metazoan Eukaryota	Oomycota
2498891	Metazoa	Insecta
251221	Bacteria	Bacteria
252671	Metazoa	Cnidaria
2607531	Metazoa	Mollusca
261658	Non-metazoan Eukaryota	Amoebozoa
262698	Bacteria	Bacteria
264732	Bacteria	Bacteria
2652724	Metazoa	Cnidaria
265311	Bacteria	Bacteria
265458	Metazoa	Insecta
266040	Metazoa	Chelicerata
266149	Non-metazoan Eukaryota	Ciliophora
2664684	Metazoa	Annelida
266834	Bacteria	Bacteria
267377	Archaea	Archaea
267608	Bacteria	Bacteria
267747	Bacteria	Bacteria
269796	Bacteria	Bacteria
2705178	Metazoa	Insecta
272557	Archaea	Archaea
272561	Bacteria	Bacteria
272563	Bacteria	Bacteria
272569	Archaea	Archaea
272620	Bacteria	Bacteria
272623	Bacteria	Bacteria
272634	Bacteria	Bacteria
272843	Bacteria	Bacteria
272844	Archaea	Archaea
272943	Bacteria	Bacteria
272947	Bacteria	Bacteria
273057	Archaea	Archaea
273075	Archaea	Archaea
273119	Bacteria	Bacteria
27405	Metazoa	Crustacea
27406	Metazoa	Crustacea
27457	Metazoa	Insecta
274613	Metazoa	Insecta
274614	Metazoa	Insecta
2769	Non-metazoan Eukaryota	Rhodophyta
2784310	Metazoa	Mollusca
27923	Metazoa	Ctenophora
27933	Metazoa	Porifera
2794001	Metazoa	Insecta
2795680	Metazoa	Insecta
28005	Non-metazoan Eukaryota	Euglenozoa
280463	Non-metazoan Eukaryota	Haptophyta
280699	Non-metazoan Eukaryota	Rhodophyta
281687	Metazoa	Nematoda
2820187	Metazoa	Ctenophora
2829445	Metazoa	Insecta
283166	Bacteria	Bacteria
283872	Non-metazoan Eukaryota	Viridiplantae
283909	Metazoa	Annelida
284812	Non-metazoan Eukaryota	Fungi
28584	Metazoa	Insecta
28586	Metazoa	Insecta
28588	Metazoa	Insecta
28610	Metazoa	Insecta
286706	Metazoa	Insecta
287889	Metazoa	Placozoa
2880	Non-metazoan Eukaryota	Protist
289376	Bacteria	Bacteria
289476	Metazoa	Nematoda
2898	Non-metazoan Eukaryota	Cryptophyta
29022	Metazoa	Myriapoda
29029	Metazoa	Insecta
29030	Metazoa	Insecta
29031	Metazoa	Insecta
29053	Metazoa	Insecta
29058	Metazoa	Insecta
29159	Metazoa	Mollusca
2921223	Metazoa	Insecta
294128	Metazoa	Crustacea
2943436	Metazoa	Tardigrada
294381	Non-metazoan Eukaryota	Amoebozoa
2951	Non-metazoan Eukaryota	Protist
296543	Non-metazoan Eukaryota	Bacillariophyta
29730	Non-metazoan Eukaryota	Viridiplantae
29760	Non-metazoan Eukaryota	Viridiplantae
29920	Non-metazoan Eukaryota	Oomycota
299467	Metazoa	Chelicerata
30019	Metazoa	Insecta
30023	Metazoa	Insecta
30025	Metazoa	Insecta
300267	Bacteria	Bacteria
30033	Metazoa	Insecta
30066	Metazoa	Insecta
30069	Metazoa	Insecta
300852	Bacteria	Bacteria
30195	Metazoa	Insecta
30207	Metazoa	Insecta
3053472	Metazoa	Nematomorpha
3055	Non-metazoan Eukaryota	Chlorophyta
307658	Metazoa	Insecta
309800	Archaea	Archaea
309807	Bacteria	Bacteria
309941	Metazoa	Insecta
311213	Non-metazoan Eukaryota	Viridiplantae
312017	Non-metazoan Eukaryota	Ciliophora
312309	Bacteria	Bacteria
31234	Metazoa	Nematoda
31271	Non-metazoan Eukaryota	Apicomplexa
313031	Metazoa	Insecta
313075	Metazoa	Insecta
315563	Metazoa	Insecta
318586	Bacteria	Bacteria
3197	Non-metazoan Eukaryota	Viridiplantae
320372	Bacteria	Bacteria
3218	Non-metazoan Eukaryota	Viridiplantae
32260	Metazoa	Insecta
32264	Metazoa	Chelicerata
322710	Bacteria	Bacteria
323259	Archaea	Archaea
32391	Metazoa	Insecta
324602	Bacteria	Bacteria
325434	Metazoa	Insecta
327109	Metazoa	Chelicerata
329112	Metazoa	Insecta
330779	Archaea	Archaea
330879	Non-metazoan Eukaryota	Fungi
33412	Metazoa	Insecta
335283	Bacteria	Bacteria
336722	Non-metazoan Eukaryota	Fungi
343691	Metazoa	Insecta
34506	Metazoa	Nematoda
34597	Metazoa	Chelicerata
34615	Metazoa	Chelicerata
34620	Metazoa	Chelicerata
34632	Metazoa	Chelicerata
34638	Metazoa	Chelicerata
3469	Non-metazoan Eukaryota	Viridiplantae
34690	Metazoa	Insecta
34691	Metazoa	Insecta
34740	Metazoa	Insecta
347515	Non-metazoan Eukaryota	Euglenozoa
3483	Non-metazoan Eukaryota	Viridiplantae
348780	Archaea	Archaea
348837	Non-metazoan Eukaryota	Metamonada
3494	Non-metazoan Eukaryota	Viridiplantae
353152	Non-metazoan Eukaryota	Apicomplexa
35523	Metazoa	Crustacea
35525	Metazoa	Crustacea
3555	Non-metazoan Eukaryota	Viridiplantae
35570	Metazoa	Insecta
356393	Metazoa	Mollusca
35885	Non-metazoan Eukaryota	Viridiplantae
35936	Non-metazoan Eukaryota	Viridiplantae
360336	Non-metazoan Eukaryota	Viridiplantae
36100	Metazoa	Mollusca
361077	Non-metazoan Eukaryota	Amoebozoa
36166	Metazoa	Insecta
36329	Non-metazoan Eukaryota	Apicomplexa
3641	Non-metazoan Eukaryota	Viridiplantae
3654	Non-metazoan Eukaryota	Viridiplantae
3656	Non-metazoan Eukaryota	Viridiplantae
3659	Non-metazoan Eukaryota	Viridiplantae
366594	Non-metazoan Eukaryota	Viridiplantae
367110	Non-metazoan Eukaryota	Fungi
368408	Archaea	Archaea
3694	Non-metazoan Eukaryota	Viridiplantae
37001	Metazoa	Insecta
3702	Non-metazoan Eukaryota	Viridiplantae
370354	Non-metazoan Eukaryota	Amoebozoa
370355	Non-metazoan Eukaryota	Amoebozoa
3707	Non-metazoan Eukaryota	Viridiplantae
3708	Non-metazoan Eukaryota	Viridiplantae
37344	Metazoa	Insecta
37360	Non-metazoan Eukaryota	Rhizaria
374847	Archaea	Archaea
3750	Non-metazoan Eukaryota	Viridiplantae
375433	Metazoa	Insecta
37546	Metazoa	Insecta
3755	Non-metazoan Eukaryota	Viridiplantae
3760	Non-metazoan Eukaryota	Viridiplantae
37621	Metazoa	Priapulida
37623	Metazoa	Mollusca
37653	Metazoa	Mollusca
380703	Bacteria	Bacteria
3818	Non-metazoan Eukaryota	Viridiplantae
3821	Non-metazoan Eukaryota	Viridiplantae
38358	Metazoa	Insecta
38414	Non-metazoan Eukaryota	Viridiplantae
3847	Non-metazoan Eukaryota	Viridiplantae
3848	Non-metazoan Eukaryota	Viridiplantae
3860	Non-metazoan Eukaryota	Viridiplantae
3871	Non-metazoan Eukaryota	Viridiplantae
3880	Non-metazoan Eukaryota	Viridiplantae
3885	Non-metazoan Eukaryota	Viridiplantae
38873	Non-metazoan Eukaryota	Viridiplantae
3888	Non-metazoan Eukaryota	Viridiplantae
3906	Non-metazoan Eukaryota	Viridiplantae
3914	Non-metazoan Eukaryota	Viridiplantae
3916	Non-metazoan Eukaryota	Viridiplantae
3917	Non-metazoan Eukaryota	Viridiplantae
392033	Metazoa	Rotifera
39758	Metazoa	Insecta
3983	Non-metazoan Eukaryota	Viridiplantae
39947	Non-metazoan Eukaryota	Viridiplantae
400682	Metazoa	Porifera
400727	Metazoa	Mollusca
40148	Non-metazoan Eukaryota	Viridiplantae
40149	Non-metazoan Eukaryota	Viridiplantae
402612	Bacteria	Bacteria
403677	Non-metazoan Eukaryota	Oomycota
40370	Metazoa	Insecta
4072	Non-metazoan Eukaryota	Viridiplantae
407821	Metazoa	Chelicerata
4081	Non-metazoan Eukaryota	Viridiplantae
41117	Metazoa	Crustacea
4113	Non-metazoan Eukaryota	Viridiplantae
414004	Archaea	Archaea
41427	Metazoa	Insecta
415426	Archaea	Archaea
416269	Bacteria	Bacteria
4182	Non-metazoan Eukaryota	Viridiplantae
418459	Non-metazoan Eukaryota	Fungi
41895	Metazoa	Insecta
420247	Archaea	Archaea
42026	Metazoa	Insecta
42062	Metazoa	Insecta
42229	Non-metazoan Eukaryota	Viridiplantae
4232	Non-metazoan Eukaryota	Viridiplantae
423536	Non-metazoan Eukaryota	Perkinsozoa
4236	Non-metazoan Eukaryota	Viridiplantae
42434	Metazoa	Insecta
429131	Non-metazoan Eukaryota	Euglenozoa
43041	Metazoa	Insecta
43146	Metazoa	Insecta
43151	Metazoa	Insecta
431595	Non-metazoan Eukaryota	Oomycota
432359	Non-metazoan Eukaryota	Apicomplexa
436017	Non-metazoan Eukaryota	Chlorophyta
436308	Archaea	Archaea
44056	Non-metazoan Eukaryota	Protist
441375	Non-metazoan Eukaryota	Apicomplexa
441921	Metazoa	Insecta
441929	Metazoa	Insecta
442651	Metazoa	Xenacoelomorpha
44386	Metazoa	Chelicerata
44415	Non-metazoan Eukaryota	Apicomplexa
444177	Bacteria	Bacteria
44689	Non-metazoan Eukaryota	Amoebozoa
4491	Non-metazoan Eukaryota	Viridiplantae
449447	Bacteria	Bacteria
4496	Non-metazoan Eukaryota	Viridiplantae
4498	Non-metazoan Eukaryota	Viridiplantae
4500	Non-metazoan Eukaryota	Viridiplantae
4513	Non-metazoan Eukaryota	Viridiplantae
4522	Non-metazoan Eukaryota	Viridiplantae
45264	Metazoa	Cnidaria
4528	Non-metazoan Eukaryota	Viridiplantae
4529	Non-metazoan Eukaryota	Viridiplantae
4533	Non-metazoan Eukaryota	Viridiplantae
45351	Metazoa	Cnidaria
4536	Non-metazoan Eukaryota	Viridiplantae
4537	Non-metazoan Eukaryota	Viridiplantae
4538	Non-metazoan Eukaryota	Viridiplantae
4550	Non-metazoan Eukaryota	Viridiplantae
4555	Non-metazoan Eukaryota	Viridiplantae
4556	Non-metazoan Eukaryota	Viridiplantae
455632	Bacteria	Bacteria
4558	Non-metazoan Eukaryota	Viridiplantae
4565	Non-metazoan Eukaryota	Viridiplantae
4567	Non-metazoan Eukaryota	Viridiplantae
4570	Non-metazoan Eukaryota	Viridiplantae
4572	Non-metazoan Eukaryota	Viridiplantae
4577	Non-metazoan Eukaryota	Viridiplantae
45954	Metazoa	Mollusca
460826	Metazoa	Insecta
4615	Non-metazoan Eukaryota	Viridiplantae
461836	Non-metazoan Eukaryota	Protist
462227	Non-metazoan Eukaryota	Apicomplexa
46433	Non-metazoan Eukaryota	Rhizaria
46514	Metazoa	Echinodermata
465515	Bacteria	Bacteria
46731	Metazoa	Cnidaria
46794	Metazoa	Insecta
4686	Non-metazoan Eukaryota	Viridiplantae
469753	Metazoa	Insecta
47314	Metazoa	Insecta
4781	Non-metazoan Eukaryota	Oomycota
4792	Non-metazoan Eukaryota	Oomycota
4795	Non-metazoan Eukaryota	Oomycota
4796	Non-metazoan Eukaryota	Oomycota
483139	Non-metazoan Eukaryota	Apicomplexa
484906	Non-metazoan Eukaryota	Apicomplexa
48498	Metazoa	Cnidaria
48709	Metazoa	Collembola
49390	Non-metazoan Eukaryota	Viridiplantae
49451	Non-metazoan Eukaryota	Viridiplantae
50023	Metazoa	Chelicerata
50054	Metazoa	Platyhelminthes
50390	Metazoa	Insecta
50429	Metazoa	Cnidaria
50452	Non-metazoan Eukaryota	Viridiplantae
509173	Bacteria	Bacteria
51031	Metazoa	Nematoda
51240	Non-metazoan Eukaryota	Viridiplantae
51314	Non-metazoan Eukaryota	Apicomplexa
51316	Non-metazoan Eukaryota	Apicomplexa
515635	Bacteria	Bacteria
516756	Metazoa	Insecta
522373	Bacteria	Bacteria
52283	Metazoa	Chelicerata
525903	Bacteria	Bacteria
5270	Non-metazoan Eukaryota	Fungi
529507	Bacteria	Bacteria
536237	Metazoa	Xenacoelomorpha
54126	Metazoa	Nematoda
542832	Non-metazoan Eukaryota	Oomycota
543639	Metazoa	Chelicerata
55513	Non-metazoan Eukaryota	Viridiplantae
55577	Non-metazoan Eukaryota	Viridiplantae
556484	Non-metazoan Eukaryota	Bacillariophyta
559292	Non-metazoan Eukaryota	Fungi
559515	Non-metazoan Eukaryota	Oomycota
5661	Non-metazoan Eukaryota	Euglenozoa
5671	Non-metazoan Eukaryota	Euglenozoa
5679	Non-metazoan Eukaryota	Euglenozoa
5684	Non-metazoan Eukaryota	Euglenozoa
5694	Non-metazoan Eukaryota	Euglenozoa
5741	Non-metazoan Eukaryota	Metamonada
57577	Non-metazoan Eukaryota	Viridiplantae
5762	Non-metazoan Eukaryota	Heterolobosea
5786	Non-metazoan Eukaryota	Amoebozoa
58002	Metazoa	Insecta
5801	Non-metazoan Eukaryota	Apicomplexa
5802	Non-metazoan Eukaryota	Apicomplexa
5804	Non-metazoan Eukaryota	Apicomplexa
5823	Non-metazoan Eukaryota	Apicomplexa
58331	Non-metazoan Eukaryota	Viridiplantae
5849	Non-metazoan Eukaryota	Apicomplexa
5851	Non-metazoan Eukaryota	Apicomplexa
5854	Non-metazoan Eukaryota	Apicomplexa
5857	Non-metazoan Eukaryota	Apicomplexa
5858	Non-metazoan Eukaryota	Apicomplexa
5866	Non-metazoan Eukaryota	Apicomplexa
5875	Non-metazoan Eukaryota	Apicomplexa
58824	Metazoa	Insecta
5888	Non-metazoan Eukaryota	Ciliophora
58933	Non-metazoan Eukaryota	Viridiplantae
5932	Non-metazoan Eukaryota	Ciliophora
5949	Non-metazoan Eukaryota	Ciliophora
595528	Non-metazoan Eukaryota	Protist
5963	Non-metazoan Eukaryota	Ciliophora
597456	Metazoa	Insecta
59799	Non-metazoan Eukaryota	Euglenozoa
598745	Non-metazoan Eukaryota	Metamonada
59895	Non-metazoan Eukaryota	Viridiplantae
59916	Metazoa	Insecta
6052	Metazoa	Porifera
6063	Metazoa	Porifera
6087	Metazoa	Cnidaria
610380	Metazoa	Insecta
6105	Metazoa	Cnidaria
6106	Metazoa	Cnidaria
6183	Metazoa	Platyhelminthes
6185	Metazoa	Platyhelminthes
6210	Metazoa	Platyhelminthes
62324	Metazoa	Insecta
62335	Non-metazoan Eukaryota	Viridiplantae
6238	Metazoa	Nematoda
6239	Metazoa	Nematoda
6253	Metazoa	Nematoda
62625	Metazoa	Chelicerata
6279	Metazoa	Nematoda
6282	Metazoa	Nematoda
63121	Metazoa	Hemichordata
6334	Metazoa	Nematoda
63459	Non-metazoan Eukaryota	Viridiplantae
6347	Metazoa	Annelida
635003	Non-metazoan Eukaryota	Bacillariophyta
6359	Metazoa	Annelida
63677	Non-metazoan Eukaryota	Viridiplantae
63737	Bacteria	Bacteria
63787	Non-metazoan Eukaryota	Viridiplantae
64091	Archaea	Archaea
6412	Metazoa	Annelida
6454	Metazoa	Mollusca
6465	Metazoa	Mollusca
647221	Non-metazoan Eukaryota	Apicomplexa
6500	Metazoa	Mollusca
6526	Metazoa	Mollusca
65489	Non-metazoan Eukaryota	Viridiplantae
6549	Metazoa	Mollusca
6565	Metazoa	Mollusca
6573	Metazoa	Mollusca
6579	Metazoa	Mollusca
658858	Non-metazoan Eukaryota	Metamonada
6596	Metazoa	Mollusca
6604	Metazoa	Mollusca
6669	Metazoa	Crustacea
6687	Metazoa	Crustacea
6689	Metazoa	Crustacea
669202	Metazoa	Cnidaria
67003	Non-metazoan Eukaryota	Euglenozoa
6706	Metazoa	Crustacea
6707	Metazoa	Crustacea
6728	Metazoa	Crustacea
672921	Metazoa	Nemertea
67593	Non-metazoan Eukaryota	Oomycota
67801	Metazoa	Insecta
680683	Metazoa	Insecta
6832	Metazoa	Crustacea
684658	Metazoa	Insecta
6850	Metazoa	Chelicerata
69004	Metazoa	Insecta
69014	Archaea	Archaea
691883	Non-metazoan Eukaryota	Protist
692089	Metazoa	Insecta
69319	Metazoa	Insecta
69332	Non-metazoan Eukaryota	Viridiplantae
6941	Metazoa	Chelicerata
6943	Metazoa	Chelicerata
6945	Metazoa	Chelicerata
6956	Metazoa	Chelicerata
695850	Non-metazoan Eukaryota	Oomycota
698952	Bacteria	Bacteria
7009	Metazoa	Insecta
7010	Metazoa	Insecta
7011	Metazoa	Insecta
7029	Metazoa	Insecta
7038	Metazoa	Insecta
70415	Metazoa	Nematoda
7048	Metazoa	Insecta
7054	Metazoa	Insecta
70601	Archaea	Archaea
7067	Metazoa	Insecta
7070	Metazoa	Insecta
7091	Metazoa	Insecta
7092	Metazoa	Insecta
7108	Metazoa	Insecta
7113	Metazoa	Insecta
71139	Non-metazoan Eukaryota	Viridiplantae
7130	Metazoa	Insecta
71421	Bacteria	Bacteria
7159	Metazoa	Insecta
7160	Metazoa	Insecta
7165	Metazoa	Insecta
716541	Bacteria	Bacteria
7167	Metazoa	Insecta
7168	Metazoa	Insecta
7173	Metazoa	Insecta
7176	Metazoa	Insecta
7200	Metazoa	Insecta
72019	Non-metazoan Eukaryota	Protist
72036	Metazoa	Crustacea
7209	Metazoa	Nematoda
7213	Metazoa	Insecta
7217	Metazoa	Insecta
7220	Metazoa	Insecta
7222	Metazoa	Insecta
7224	Metazoa	Insecta
7226	Metazoa	Insecta
7227	Metazoa	Insecta
7229	Metazoa	Insecta
7230	Metazoa	Insecta
7232	Metazoa	Insecta
7234	Metazoa	Insecta
7237	Metazoa	Insecta
7238	Metazoa	Insecta
7240	Metazoa	Insecta
7241	Metazoa	Insecta
7243	Metazoa	Insecta
7244	Metazoa	Insecta
7245	Metazoa	Insecta
7260	Metazoa	Insecta
7263	Metazoa	Insecta
7266	Metazoa	Insecta
72664	Non-metazoan Eukaryota	Viridiplantae
7274	Metazoa	Insecta
7282	Metazoa	Insecta
7291	Metazoa	Insecta
73239	Non-metazoan Eukaryota	Apicomplexa
7370	Metazoa	Insecta
7375	Metazoa	Insecta
7395	Metazoa	Insecta
7396	Metazoa	Insecta
7398	Metazoa	Insecta
74068	Metazoa	Insecta
742174	Metazoa	Insecta
7425	Metazoa	Insecta
743375	Metazoa	Insecta
7446	Metazoa	Insecta
74557	Non-metazoan Eukaryota	Oomycota
7460	Metazoa	Insecta
7462	Metazoa	Insecta
7463	Metazoa	Insecta
74649	Non-metazoan Eukaryota	Viridiplantae
74869	Metazoa	Insecta
74873	Metazoa	Insecta
7493	Metazoa	Insecta
7515	Metazoa	Insecta
753081	Non-metazoan Eukaryota	Rhizaria
7539	Metazoa	Insecta
7574	Metazoa	Brachiopoda
7604	Metazoa	Echinodermata
7653	Metazoa	Echinodermata
7654	Metazoa	Echinodermata
7668	Metazoa	Echinodermata
76990	Metazoa	Insecta
77166	Metazoa	Insecta
7740	Metazoa	Chordata
77519	Non-metazoan Eukaryota	Apicomplexa
77586	Non-metazoan Eukaryota	Viridiplantae
79200	Non-metazoan Eukaryota	Viridiplantae
79327	Metazoa	Platyhelminthes
797122	Non-metazoan Eukaryota	Metamonada
79782	Metazoa	Insecta
81824	Non-metazoan Eukaryota	Protist
81972	Non-metazoan Eukaryota	Viridiplantae
82600	Metazoa	Insecta
83332	Bacteria	Bacteria
83333	Bacteria	Bacteria
83444	Non-metazoan Eukaryota	Viridiplantae
83485	Metazoa	Insecta
83891	Non-metazoan Eukaryota	Euglenozoa
84072	Metazoa	Xenacoelomorpha
85056	Non-metazoan Eukaryota	Euglenozoa
85433	Metazoa	Platyhelminthes
85471	Non-metazoan Eukaryota	Apicomplexa
85661	Metazoa	Insecta
85681	Non-metazoan Eukaryota	Viridiplantae
85692	Non-metazoan Eukaryota	Viridiplantae
857276	Non-metazoan Eukaryota	Apicomplexa
85962	Bacteria	Bacteria
864141	Non-metazoan Eukaryota	Apicomplexa
869250	Non-metazoan Eukaryota	Apicomplexa
88005	Metazoa	Mollusca
88036	Non-metazoan Eukaryota	Viridiplantae
880535	Non-metazoan Eukaryota	Apicomplexa
882	Bacteria	Bacteria
88456	Non-metazoan Eukaryota	Apicomplexa
88556	Metazoa	Insecta
88925	Metazoa	Nemertea
89887	Metazoa	Insecta
90397	Non-metazoan Eukaryota	Viridiplantae
905079	Non-metazoan Eukaryota	Cryptophyta
90675	Non-metazoan Eukaryota	Viridiplantae
91411	Metazoa	Insecta
92480	Non-metazoan Eukaryota	Viridiplantae
93061	Bacteria	Bacteria
93969	Non-metazoan Eukaryota	Apicomplexa
94029	Metazoa	Chelicerata
94469	Metazoa	Insecta
946362	Non-metazoan Eukaryota	Protist
94643	Non-metazoan Eukaryota	Apicomplexa
95512	Metazoa	Insecta
95602	Metazoa	Crustacea
97700	Non-metazoan Eukaryota	Viridiplantae
98809	Metazoa	Insecta
99158	Non-metazoan Eukaryota	Apicomplexa
99287	Bacteria	Bacteria
